name,definition,cas
(2-Methoxymethylethoxy)propanol,(2-Methoxymethylethoxy)propanol,34590-94-8
"1,1,1,2-Tetrachloroethane","1,1,1,2-Tetrachloroethane",
"1,1,1,2-Tetrafluoroethane","1,1,1,2-Tetrafluoroethane",811-97-2
"1,1,1-trichloro-2,2-ethane","1,1,1-trichloro-2,2-ethane",
"1,1,1-Trichloroethane","1,1,1-Trichloroethane",71-55-6
"1,1,2,2-Tetrabromoethane","1,1,2,2-Tetrabromoethane",79-27-6
"1,1,2,2-Tetrachloroethane","1,1,2,2-Tetrachloroethane",
"1,1,2-Trichloroethane","1,1,2-Trichloroethane",79-00-5
"1,1,2-Trichloroethene","1,1,2-Trichloroethene",
"1,1-dichloro-2,2-bis-ethane","1,1-dichloro-2,2-bis-ethane",
"1,1-Dichloroethane","1,1-Dichloroethane",75-34-3
"1,1-Dichloroethene","1,1-Dichloroethene",75-35-4
"1,1-Dichloroethylene","1,1-Dichloroethylene",
"1,1-Dichloropropene","1,1-Dichloropropene",
"1,1-Dimethylethylbenzene","1,1-Dimethylethylbenzene",
"1,2,3 Indeno (cd) pyrene","1,2,3 Indeno (cd) pyrene",
"1,2,3,4-Tetrachlorobenzene","1,2,3,4-Tetrachlorobenzene",
"1,2,3,4-Tetrachloro-benzene","1,2,3,4-Tetrachloro-benzene",
"1,2,3-Trichlorobenzene","1,2,3-Trichlorobenzene",
"1,2,3-Trichloropropane","1,2,3-Trichloropropane",
"1,2,3-Trimethylbenzene","1,2,3-Trimethylbenzene",
"1,2,4,5-Tetrachlorobenzene","1,2,4,5-Tetrachlorobenzene",
"1,2,4-Trichlorobenzene","1,2,4-Trichlorobenzene",120-82-1
"1,2,4-Trimethylbenzene","1,2,4-Trimethylbenzene",
"1,2-Dibromo-3-chloropropane","1,2-Dibromo-3-chloropropane",96-12-8
"1,2-Dibromoethane","1,2-Dibromoethane",106-93-4
"1,2-Dichlorobenzene","1,2-Dichlorobenzene",95-50-1
"1,2-Dichloroethane","1,2-Dichloroethane",107-06-2
"1,2-Dichloroethene","1,2-Dichloroethene",540-59-0
"1,2-Dichloropropane","1,2-Dichloropropane",78-87-5
"1,3,5 Trimethylbenzene","1,3,5 Trimethylbenzene",
"1,3,5-Trichlorobenzene","1,3,5-Trichlorobenzene",
"1,3,5-Trimethylbenzene","1,3,5-Trimethylbenzene",
"1,3,5-Trinitrobenzene","1,3,5-Trinitrobenzene",
"1,3-Butadiene","1,3-Butadiene",106-99-0
"1,3-Dichloro-5,5-dimethylhydantoin","1,3-Dichloro-5,5-dimethylhydantoin",118-52-5
"1,3-Dichlorobenzene","1,3-Dichlorobenzene",
"1,3-Dichloropropane","1,3-Dichloropropane",
"1,3-Dichloropropene","1,3-Dichloropropene",542-75-6
"1,3-Dinitrobenzene","1,3-Dinitrobenzene",
"1,4-Dichlorobenzene","1,4-Dichlorobenzene",106-46-7
"1,4-Dioxane","1,4-Dioxane",123-91-1
"1,4-Naphthoquinone","1,4-Naphthoquinone",
"1,6-Hexanolactam","1,6-Hexanolactam",105-60-2
"16-(Thienylmethylene)Androstane-3,17-Diol SVOCS","16-(Thienylmethylene)Androstane-3,17-Diol SVOCS",
1-Butanethiol,1-Butanethiol,
1-Chloro-4-nitrobenzene,1-Chloro-4-nitrobenzene,100-00-5
"1-Hexanol, 2 ethyl- (SVOCSW)","1-Hexanol, 2 ethyl- (SVOCSW)",
1-Methoxypropan-2-ol,1-Methoxypropan-2-ol,107-98-2
1-Methoxypropyl Acetate,1-Methoxypropyl Acetate,108-65-6
1-Methyl-2-pyrrolidone,1-Methyl-2-pyrrolidone,872-50-4
1-Methylethylbenzene,1-Methylethylbenzene,
1-Methylnaphthalene,1-Methylnaphthalene,
1-Methylpropylbenzene,1-Methylpropylbenzene,
1-Naphthylamine,1-Naphthylamine,
1-Pentene,1-Pentene,
1-Propanethiol,1-Propanethiol,
2-(2-Butoxyethoxy)ethanol,2-(2-Butoxyethoxy)ethanol,112-34-5
2-(2-Methoxyethoxy)ethanol,2-(2-Methoxyethoxy)ethanol,111-77-3
2(3H)-Benzothiazolone,2(3H)-Benzothiazolone,
"2,2 Dichloropropane + 1,2 Dichloroethylene","2,2 Dichloropropane + 1,2 Dichloroethylene",
"2,2'-Dichloro-4,4'-methylenedianiline (MbOCA)","2,2'-Dichloro-4,4'-methylenedianiline (MbOCA)",101-14-4
"2,2-Dichloropropane","2,2-Dichloropropane",
"2,2-Dipyridyl","2,2-Dipyridyl",
"2,2'-Iminodi(ethylamine)","2,2'-Iminodi(ethylamine)",111-40-0
"2,2'-Oxydiethanol","2,2'-Oxydiethanol",111-46-6
"2,3,4,6-Tetrachlorophenol","2,3,4,6-Tetrachlorophenol",
"2,3,4-Trimethylphenol","2,3,4-Trimethylphenol",
"2,3,5-Trimethylphenol","2,3,5-Trimethylphenol",
"2,3,6-TBA","2,3,6-TBA",
"2,3,6-Trimethylphenol","2,3,6-Trimethylphenol",
"2,3-Dichlorophenol","2,3-Dichlorophenol",
"2,3-Dimethylphenol","2,3-Dimethylphenol",
"2,4,5-T","2,4,5-T",
"2,4,5-T (2,4,5-Trichlorophenoxyacetic Acid)","2,4,5-T (2,4,5-Trichlorophenoxyacetic Acid)",93-76-5
"2,4,5-Trichlorophenol","2,4,5-Trichlorophenol",
"2,4,6-Tribromophenol","2,4,6-Tribromophenol",
"2,4,6-Trichlorophenol","2,4,6-Trichlorophenol",88-06-2
"2,4,6-Trichlorophenol STLGG4","2,4,6-Trichlorophenol STLGG4",
"2,4,6-Trichlorophenol STLPK2","2,4,6-Trichlorophenol STLPK2",
"2,4,6-Trimethyl phenol","2,4,6-Trimethyl phenol",
"2,4,6-Trinitrotoluene","2,4,6-Trinitrotoluene",118-96-7
"2,4-D","2,4-D",
"2,4-D ((2,4-Dichlorophenoxy)acetic Acid)","2,4-D ((2,4-Dichlorophenoxy)acetic Acid)",94-75-7
"2,4-DB (4-(2,4-DichFlorophenoxy)butyric Acid)","2,4-DB (4-(2,4-DichFlorophenoxy)butyric Acid)",94-82-6
"2,4-DDD","2,4-DDD",
"2,4-DDE","2,4-DDE",
"2,4-DDT","2,4-DDT",
"2,4-Dichlorophenol","2,4-Dichlorophenol",120-83-2
"2,4-dichlorophenoxy acetic acid","2,4-dichlorophenoxy acetic acid",
"2,4-Dimethylphenol","2,4-Dimethylphenol",
"2,4-Dinitrophenol","2,4-Dinitrophenol",
"2,4-Dinitrotoluene","2,4-Dinitrotoluene",
"2,4-imethylphenol low level","2,4-imethylphenol low level",
"2,5-Dichlorophenol","2,5-Dichlorophenol",
"2,5-Dimethylphenol","2,5-Dimethylphenol",
"2,6-Dichlorophenol","2,6-Dichlorophenol",
"2,6-Dimethylheptan-4-one","2,6-Dimethylheptan-4-one",108-83-8
"2,6-Dimethylphenol","2,6-Dimethylphenol",
"2,6-Dinitrotoluene","2,6-Dinitrotoluene",
"2,6-Di-tert-butyl-p-cresol","2,6-Di-tert-butyl-p-cresol",128-37-0
2-Acetylaminofluorene,2-Acetylaminofluorene,
2-Aminoethanol,2-Aminoethanol,141-43-5
2-Butoxy ethanol,2-Butoxy ethanol,
2-Butoxyethanol,2-Butoxyethanol,111-76-2
2-Butoxyethyl Acetate,2-Butoxyethyl Acetate,112-07-2
2-Chloroacetophenone,2-Chloroacetophenone,532-27-4
2-Chloroaniline,2-Chloroaniline,
2-Chloroethanol,2-Chloroethanol,107-07-3
2-Chloronaphthalene,2-Chloronaphthalene,
2-Chlorophenol,2-Chlorophenol,95-57-8
2-Chlorotoluene,2-Chlorotoluene,
2-Dimethylaminoethanol,2-Dimethylaminoethanol,108-01-0
2-Ethoxyethanol,2-Ethoxyethanol,110-80-5
2-Ethoxyethyl Acetate,2-Ethoxyethyl Acetate,111-15-9
2-Ethylhexyl Chloroformate,2-Ethylhexyl Chloroformate,24468-13-1
2-Fluorobiphenyl,2-Fluorobiphenyl,
2-Fluorophenol,2-Fluorophenol,
2-Furaldehyde (Furfural),2-Furaldehyde (Furfural),98-01-1
2-Hydroxypropyl Acrylate,2-Hydroxypropyl Acrylate,999-61-1
2-Methoxyethanol,2-Methoxyethanol,109-86-4
2-Methoxyethyl Acetate,2-Methoxyethyl Acetate,110-49-6
2-Methyl Naphthalene,2-Methyl Naphthalene,
2-Methyl-2-propanol,2-Methyl-2-propanol,
"2-Methyl-4,6-dinitrophenol","2-Methyl-4,6-dinitrophenol",
2-Methylcyclohexanone,2-Methylcyclohexanone,583-60-8
2-Methylnaphthalene,2-Methylnaphthalene,
"2-Methylpentane-2,4-diol","2-Methylpentane-2,4-diol",107-41-5
2-Methylphenol,2-Methylphenol,
2-Methylpropan-1-ol,2-Methylpropan-1-ol,78-83-1
2-Methylpropan-2-ol,2-Methylpropan-2-ol,75-65-0
2-Naphthylamine,2-Naphthylamine,
2-Nitroaniline,2-Nitroaniline,
2-Nitrophenol,2-Nitrophenol,
2-Nitropropane,2-Nitropropane,79-46-9
2-Phenylpropene,2-Phenylpropene,98-83-9
2-Picoline,2-Picoline,
2-Pyridylamine,2-Pyridylamine,504-29-0
2-sec-Butylphenol,2-sec-Butylphenol,89-72-5
3 and 4-Chlorophenol,3 and 4-Chlorophenol,
3 and 4-Methylphenol,3 and 4-Methylphenol,
3 x Volume,3 x Volume,
"3,3-Dichlorobenzidine","3,3-Dichlorobenzidine",
"3,3-Dimethylbenzidine","3,3-Dimethylbenzidine",
"3,3-Dimethylheptanoic acid","3,3-Dimethylheptanoic acid",
"3,4-Dichlorophenol","3,4-Dichlorophenol",
"3,4-Dihydrobenzo[c]pyran-1 [2H]-ol [SVOCSW]","3,4-Dihydrobenzo[c]pyran-1 [2H]-ol [SVOCSW]",
"3,4-Dimethylphenol","3,4-Dimethylphenol",
"3,5,5-Trimethylcyclohex-2-enone","3,5,5-Trimethylcyclohex-2-enone",78-59-1
"3,5-Dimethylphenol","3,5-Dimethylphenol",
"3,5-di-tert-Buyl-4-hydroxyphenylpropionic acid [S]","3,5-di-tert-Buyl-4-hydroxyphenylpropionic acid [S]",
"3,6,6-Trimethylnorpinan-2-one[SVOCSW]","3,6,6-Trimethylnorpinan-2-one[SVOCSW]",
3-Chloroaniline,3-Chloroaniline,
3-Chlorophenol,3-Chlorophenol,108-43-0
"3-Cyclohexene-1-methanol, .alpha.,.alpha.4- tri","3-Cyclohexene-1-methanol, .alpha.,.alpha.4- tri",
3-Methyl-6-hydroxybenzo[c]-dihydrofuran[SVOCSW],3-Methyl-6-hydroxybenzo[c]-dihydrofuran[SVOCSW],
3-Methylbutan-1-ol,3-Methylbutan-1-ol,123-51-3
3-Methylcholanthrene,3-Methylcholanthrene,
3-Methylphenol,3-Methylphenol,
3-Nitroaniline,3-Nitroaniline,
"4,4'-DDD","4,4'-DDD",
"4,4'-DDE","4,4'-DDE",
"4,4'-DDT","4,4'-DDT",
"4,4-Dipyridyl","4,4-Dipyridyl",
"4,4'-Methylenedianiline (MDA)","4,4'-Methylenedianiline (MDA)",101-77-9
"4,6-Dinitro-2-methylphenol","4,6-Dinitro-2-methylphenol",
4-Aminobiphenyl,4-Aminobiphenyl,
4-Bromofluorobenzene,4-Bromofluorobenzene,
4-Bromophenyl phenyl ether,4-Bromophenyl phenyl ether,
4-Chloro-3-methylphenol,4-Chloro-3-methylphenol,59-50-7
4-Chloroacetophenone,4-Chloroacetophenone,
4-Chloroaniline,4-Chloroaniline,
4-chloro-o-tolyloxyacetic acid,4-chloro-o-tolyloxyacetic acid,
4-Chlorophenol,4-Chlorophenol,106-48-9
4-Chlorophenyl phenylether,4-Chlorophenyl phenylether,
4-Chlorotoluene,4-Chlorotoluene,
4-Ethylmorpholine,4-Ethylmorpholine,100-74-3
4-Ethylphenol,4-Ethylphenol,
4-Hydroxy-4-methylpentan-2-one,4-Hydroxy-4-methylpentan-2-one,123-42-2
4-Isopropyltoluene,4-Isopropyltoluene,
4-Methyl-2-pentanone,4-Methyl-2-pentanone,
4-Methylpentan-2-ol,4-Methylpentan-2-ol,108-11-2
4-Methylpentan-2-one,4-Methylpentan-2-one,108-10-1
4-Methylphenol,4-Methylphenol,
4-Methylphenol STLGHP,4-Methylphenol STLGHP,
4-Methylphenol STLPJK,4-Methylphenol STLPJK,
4-Nitroaniline,4-Nitroaniline,
4-Nitrophenol,4-Nitrophenol,
5-Cyclopropyl-3-nitropyrazole[SVOCSW],5-Cyclopropyl-3-nitropyrazole[SVOCSW],
5-Methylheptan-3-one,5-Methylheptan-3-one,541-85-5
5-Methylhexan-2-one,5-Methylhexan-2-one,110-12-3
"6,6'-Di-tert-butyl-4,4'-thiodi-m-cresol","6,6'-Di-tert-butyl-4,4'-thiodi-m-cresol",96-69-5
"7,12=Dimethylbenz(a)anthracene","7,12=Dimethylbenz(a)anthracene",
9-Ethyl-9-methylfluorene[SVOCSW],9-Ethyl-9-methylfluorene[SVOCSW],
Abamectin,Abamectin,71751-41-2
Acenaphthene,Acenaphthene,
Acenaphthylene,Acenaphthylene,
Acenaphthylene (PAH),Acenaphthylene (PAH),
Acenaphthylene ESG SVOC,Acenaphthylene ESG SVOC,
Acetaldehyde,Acetaldehyde,75-07-0
Acetic acid,Acetic acid,
Acetic Anhydride,Acetic Anhydride,108-24-7
Acetone,Acetone,67-64-1
Acetonitrile,Acetonitrile,75-05-8
Acetophenone,Acetophenone,
Acetylene,Acetylene,
Acrylaldehyde (Acrolein),Acrylaldehyde (Acrolein),107-02-8
Acrylamide,Acrylamide,79-06-1
Acrylonitrile,Acrylonitrile,107-13-1
Actioned,Actioned,
Activated Carbon,Activated Carbon,
Adsorbable Organicly bound halogens (AOX),Adsorbable Organicly bound halogens (AOX),
Alachlor,Alachlor,15972-60-8
Aldicarb,Aldicarb,116-06-3
Aldrin,Aldrin,309-00-2
Aliphatics <C10-C12,Aliphatics <C10-C12,
Aliphatics > EC12-EC35 (aq),Aliphatics > EC12-EC35 (aq),
Aliphatics >C12-C16 (aq),Aliphatics >C12-C16 (aq),
Aliphatics >C16-C21 (aq),Aliphatics >C16-C21 (aq),
Aliphatics >C21-C35 (aq),Aliphatics >C21-C35 (aq),
Aliphatics >C5-C12,Aliphatics >C5-C12,
Aliphatics >C5-C6,Aliphatics >C5-C6,
Aliphatics >C6-C8,Aliphatics >C6-C8,
Aliphatics >C8-C10,Aliphatics >C8-C10,
Aliphatics and Aromatics > C5-35 (aq),Aliphatics and Aromatics > C5-35 (aq),
Alkalinity (Total),Alkalinity (Total),
Alkalinity as CaCO3,Alkalinity as CaCO3,
Alkalinity as HC03,Alkalinity as HC03,
Allyl Alcohol,Allyl Alcohol,107-18-6
Alpha Analysis,Alpha Analysis,
Alpha-BHC,Alpha-BHC,
alpha-Chlordane,alpha-Chlordane,
alpha-Chlorotoluene,alpha-Chlorotoluene,
alpha-Endosulphan,alpha-Endosulphan,
alpha-Methyl Styrene,alpha-Methyl Styrene,
Aluminium,Aluminium,7429-90-5
Aluminium Alkyl Compounds,Aluminium Alkyl Compounds,
Aluminium Oxides,Aluminium Oxides,1344-28-1
"Aluminium Salts, Soluble","Aluminium Salts, Soluble",
"Aluminium, Dissolved","Aluminium, Dissolved",
Ametryn,Ametryn,
Ammonia,Ammonia,7664-41-7
Ammonia (NH3),Ammonia (NH3),7664-41-7
Ammonia as N,Ammonia as N,7664-41-7
Ammoniacal Nitrogen,Ammoniacal Nitrogen,
Ammonium,Ammonium,14798-03-9
"Ammonium Chloride, Fume","Ammonium Chloride, Fume",12125-02-9
Ammonium Sulphamidate,Ammonium Sulphamidate,7773-06-0
Anemometer,Anemometer,
Aniline,Aniline,62-53-3
Anions total,Anions total,
Anthracene,Anthracene,120-12-7
Anthracene (PAH),Anthracene (PAH),
Anthracene ESG SVOC,Anthracene ESG SVOC,
Antimony,Antimony,7440-36-0
AOX,AOX,
APC Residues,APC Residues,
Aromatics > EC10-EC12,Aromatics > EC10-EC12,
Aromatics >EC12-EC16 (aq),Aromatics >EC12-EC16 (aq),
Aromatics >EC16-EC21 (aq),Aromatics >EC16-EC21 (aq),
Aromatics >EC21-EC35 (aq),Aromatics >EC21-EC35 (aq),
Aromatics >EC5-EC7,Aromatics >EC5-EC7,
Aromatics >EC7-EC8,Aromatics >EC7-EC8,
Aromatics >EC8-EC10,Aromatics >EC8-EC10,
Aromatics Total > EC12-EC35 (aq),Aromatics Total > EC12-EC35 (aq),
Arsenic,Arsenic,7440-38-2
Arsine,Arsine,7784-42-1
Asbestos,Asbestos,132207-33-1
Asbestos Fibres,Asbestos Fibres,
"Asphalt, Petroleum Fumes","Asphalt, Petroleum Fumes",8052-42-4
Atmospheric Pressure,Atmospheric Pressure,
Atraton,Atraton,
Atrazine,Atrazine,1912-24-9
Azamethiphos,Azamethiphos,35575-96-3
Azinphos-ethyl,Azinphos-ethyl,
Azinphos-methyl,Azinphos-methyl,86-50-0
Azobenzene,Azobenzene,
Azodicarbonamide,Azodicarbonamide,123-77-3
Azoxystrobin,Azoxystrobin,
Balance,Balance,
Barium,Barium,7440-39-3
Barium Sulphate,Barium Sulphate,7727-43-7
Barometric Pressure,Barometric Pressure,
BBP (Butyl Benzyl Phthalate),BBP (Butyl Benzyl Phthalate),85-68-7
Bentazone,Bentazone,25057-89-0
Benzatone,Benzatone,
Benzene,Benzene,71-43-2
Benzenebutanoic acid,Benzenebutanoic acid,
Benzidine,Benzidine,
"Benzo 1,12 perylene (ghi)","Benzo 1,12 perylene (ghi)",
"Benzo 11,12 fluoranthene (k)","Benzo 11,12 fluoranthene (k)",
Benzo(a)anthracene,Benzo(a)anthracene,
Benzo(a)pyrene,Benzo(a)pyrene,
Benzo(b)fluoranthene,Benzo(b)fluoranthene,
Benzo(ghi)perylene,Benzo(ghi)perylene,
Benzo(k)fluoranthene,Benzo(k)fluoranthene,
Benzo[a]pyrene,Benzo[a]pyrene,50-32-8
Benzo[b]fluoranthene,Benzo[b]fluoranthene,205-99-2
"Benzo[g,h,i]perylene","Benzo[g,h,i]perylene",191-24-2
Benzo[k]fluoranthene,Benzo[k]fluoranthene,207-08-9
Benzoic Acid,Benzoic Acid,
Benzothiazolone,Benzothiazolone,
Benzyl alcohol,Benzyl alcohol,
Benzyl butyl phthalate,Benzyl butyl phthalate,
Benzyl Chloride,Benzyl Chloride,100-44-7
Beryllium,Beryllium,7440-41-7
Beta Analysis,Beta Analysis,
Bicarbonate,Bicarbonate,
Biochemical oxygen demand (BOD5),Biochemical oxygen demand (BOD5),
Biocides,Biocides,
Biphenyl,Biphenyl,92-52-4
Bis(2-chloroethoxy)methane,Bis(2-chloroethoxy)methane,
Bis(2-chloroethyl) ether,Bis(2-chloroethyl) ether,
Bis(2-chloroisopropyl) ether,Bis(2-chloroisopropyl) ether,
Bis(2-chloroisopropyl)ether,Bis(2-chloroisopropyl)ether,
bis(2-ethylhexyl)phthalate,bis(2-ethylhexyl)phthalate,
Bis(chloromethyl) Ether,Bis(chloromethyl) Ether,542-88-1
BOD (Biological Oxygen Demand),BOD (Biological Oxygen Demand),
Bolstar,Bolstar,
Booster Pressure,Booster Pressure,
Booster Suction,Booster Suction,
Borate,Borate,
Borehole Base AOD,Borehole Base AOD,
Borehole Base Below Ref Point,Borehole Base Below Ref Point,
Borehole Base Top of Silt MBRP,Borehole Base Top of Silt MBRP,
Borehole Leachate Depth Above Basal Liner,Borehole Leachate Depth Above Basal Liner,
Borehole Liquid Level AOD,Borehole Liquid Level AOD,
Borehole Liquid Level Below Ref Point,Borehole Liquid Level Below Ref Point,
Borehole Metal Casing,Borehole Metal Casing,
Borehole Reference Point Above Site Datum,Borehole Reference Point Above Site Datum,
Borehole Reference Point AOD,Borehole Reference Point AOD,
Borehole Standing Depth of Liquid,Borehole Standing Depth of Liquid,
Borehole top of silt,Borehole top of silt,
Borehole Volume,Borehole Volume,
Bornan-2-one,Bornan-2-one,76-22-2
Boron,Boron,7440-42-8
Boron Tribromide,Boron Tribromide,10294-33-4
Boscalid,Boscalid,
Bottom Ash,Bottom Ash,
Bromacil,Bromacil,314-40-9
Bromate,Bromate,15541-45-4
Bromate as BrO3,Bromate as BrO3,
Bromide,Bromide,
Bromine,Bromine,7726-95-6
Bromobenzene,Bromobenzene,
Bromochloromethane,Bromochloromethane,
Bromodichloromethane,Bromodichloromethane,75-27-4
Bromoform,Bromoform,75-25-2
Bromomethane,Bromomethane,74-83-9
Bromoxynil,Bromoxynil,1689-84-5
Bromoxynil octanoate,Bromoxynil octanoate,
BTEX - Sum of detected,BTEX - Sum of detected,
Butan-1-ol,Butan-1-ol,71-36-3
Butan-2-ol,Butan-2-ol,78-92-2
Butan-2-one (Methyl Ethyl Ketone),Butan-2-one (Methyl Ethyl Ketone),78-93-3
Butane,Butane,106-97-8
Butanes,Butanes,
"Butanoic acid, 2-methyl-[SVOCSW]","Butanoic acid, 2-methyl-[SVOCSW]",
Butenes,Butenes,
Butyl Acetate,Butyl Acetate,123-86-4
Butyl Benzenesulphonamide,Butyl Benzenesulphonamide,
Butyl Lactate,Butyl Lactate,138-22-7
Butylbenzylphthalate,Butylbenzylphthalate,
Butyric Acid,Butyric Acid,
"Butyric Acid (4-(2,4-dichlorophenoxy)-Butanoic aci","Butyric Acid (4-(2,4-dichlorophenoxy)-Butanoic aci",
C10-C13 Chloroalkanes,C10-C13 Chloroalkanes,85535-84-8
C7-C9 Dialkyl Phthalates,C7-C9 Dialkyl Phthalates,83968-18-7
Cadmium,Cadmium,7440-43-9
Cadmium - Total Unfiltered,Cadmium - Total Unfiltered,
Cadmium & thallium and their compounds (total),Cadmium & thallium and their compounds (total),
"Cadmium and its compounds, expressed as cadmium (Total Cd)","Cadmium and its compounds, expressed as cadmium (Total Cd)",
Cadmium Oxide,Cadmium Oxide,1306-19-0
Cadmium Sulphide and Cadmium Sulphide Pigments (Respirable Dust) (As Cd),Cadmium Sulphide and Cadmium Sulphide Pigments (Respirable Dust) (As Cd),
Caesium Hydroxide,Caesium Hydroxide,21351-79-1
Calcium,Calcium,
Calcium - Total Unfiltered,Calcium - Total Unfiltered,
Calcium Carbonate,Calcium Carbonate,1317-65-3
Calcium Chloride,Calcium Chloride,
Calcium Cyanamide,Calcium Cyanamide,156-62-7
Calcium Hardness as CaCO3,Calcium Hardness as CaCO3,
Calcium Hydroxide,Calcium Hydroxide,1305-62-0
Calcium Oxide,Calcium Oxide,1305-78-8
Calcium Silicate,Calcium Silicate,1344-95-2
Camphor,Camphor,
Captan,Captan,133-06-2
Carbazole,Carbazole,
Carbendazim,Carbendazim,10605-21-7
Carbetamide,Carbetamide,
Carbofuran,Carbofuran,1563-66-2
Carbon Black,Carbon Black,1333-86-4
Carbon Dioxide,Carbon Dioxide,124-38-9
Carbon Disulphide,Carbon Disulphide,75-15-0
Carbon Monoxide,Carbon Monoxide,630-08-0
Carbon monoxide (CO),Carbon monoxide (CO),630-08-0
Carbonate,Carbonate,
Carbontetrachloride,Carbontetrachloride,
Carbonyl Sulphide,Carbonyl Sulphide,
Carbophenothion,Carbophenothion,
Cations total,Cations total,
Cellulose,Cellulose,9004-34-6
CH4,Methane,
Chemical oxygen demand (COD),Chemical oxygen demand (COD),
Chlopyralid,Chlopyralid,
Chlopyrifos,Chlopyrifos,
Chloral Hydrate,Chloral Hydrate,302-17-0
Chlorate,Chlorate,7790-93-4
Chlordane,Chlordane,12789-03-6
Chlordane Gamma,Chlordane Gamma,
Chlordane-alpha,Chlordane-alpha,
Chlordane-cis,Chlordane-cis,
Chlordane-gamma,Chlordane-gamma,
Chlordane-trans,Chlordane-trans,
Chlorfenvinphos,Chlorfenvinphos,470-90-6
Chloride,Chloride,16887-00-6
Chlorine,Chlorine,7782-50-5
Chlorine Dioxide,Chlorine Dioxide,10049-04-4
Chlorite,Chlorite,14998-27-7
Chlormequat,Chlormequat,
"Chloro-2, nitrobenzene","Chloro-2, nitrobenzene",
"Chloro-2,4-dinitrobenzene","Chloro-2,4-dinitrobenzene",
"Chloro-3, nitrobenzene","Chloro-3, nitrobenzene",
"Chloro-4, nitrobenzene","Chloro-4, nitrobenzene",
Chloroacetaldehyde,Chloroacetaldehyde,107-20-0
Chlorobenzene,Chlorobenzene,108-90-7
Chlorobenzilate,Chlorobenzilate,
Chlorodibromomethane,Chlorodibromomethane,
Chlorodifluoromethane,Chlorodifluoromethane,75-45-6
Chloroethane,Chloroethane,75-00-3
Chloroethene,Chloroethene,
Chlorofenvinphos,Chlorofenvinphos,
Chlorofluoromethane,Chlorofluoromethane,
Chloroform,Chloroform,67-66-3
Chloromethane,Chloromethane,74-87-3
Chloronitrotoluenes,Chloronitrotoluenes,25567-68-4
Chlorophyll,Chlorophyll,
"Chlorophyll, Acetone Extract","Chlorophyll, Acetone Extract",
Chlorosulphonic Acid,Chlorosulphonic Acid,7790-94-5
Chlorothalonil,Chlorothalonil,1897-45-6
Chlorotoluron,Chlorotoluron,15545-48-9
Chlorpropham,Chlorpropham,101-21-3
Chlorpyrifos,Chlorpyrifos,2921-88-2
Chlorpyriphos,Chlorpyriphos,
Chlorpyriphos Methyl,Chlorpyriphos Methyl,
Chlorthalonil,Chlorthalonil,
Chlortoluron,Chlortoluron,
Chromium,Chromium,7440-47-3
Chromium III,Chromium III,
Chromium VI (Hexavalent),Chromium VI (Hexavalent),
Chromium(II) Compounds (As Cr),Chromium(II) Compounds (As Cr),
Chromium(III) Compounds (As Cr),Chromium(III) Compounds (As Cr),
Chromium(VI) Compounds (As Cr),Chromium(VI) Compounds (As Cr),
Chrysene,Chrysene,
Cis Chlordane,Cis Chlordane,
"cis-1,2 dichloroethylene","cis-1,2 dichloroethylene",
"cis-1,2-DCE","cis-1,2-DCE",
"cis-1,2-Dichloroethene","cis-1,2-Dichloroethene",
"cis-1,3-Dichloropropene","cis-1,3-Dichloropropene",
"cis-1,3-Dichloropropene m","cis-1,3-Dichloropropene m",
Cis-Heptachlor Epoxide,Cis-Heptachlor Epoxide,
Clock Reading (Leachate),Clock Reading (Leachate),
Clopyralid,Clopyralid,
Clostridium perfringens (Including Spores),Clostridium perfringens (Including Spores),
Cloud Cover,Cloud Cover,
CO,CO,630-08-0
CO2,CO2,
Coal Tars,Coal Tars,
Cobalt,Cobalt,7440-48-4
COD (Chemical Oxygen Demand),COD (Chemical Oxygen Demand),
Coliform 500 ml Sample,Coliform 500 ml Sample,
Coliform Bacteria,Coliform Bacteria,
Coliforms - Total,Coliforms - Total,
Coliforms Total (liq),Coliforms Total (liq),
Colony Counts,Colony Counts,
Colour,Colour,
Colouration (After Filtration),Colouration (After Filtration),
Colouration (After Simple Filtration),Colouration (After Simple Filtration),
Conductivity,Conductivity,
Conductivity (field),Conductivity (field),
Conductivity @ 20C,Conductivity @ 20C,
Conductivity @ 25C,Conductivity @ 25C,
Copper,Copper,7440-50-8
"Copper - Dissolved, Filtered","Copper - Dissolved, Filtered",
Copper - Total Unfiltered,Copper - Total Unfiltered,
Cotton Dust,Cotton Dust,
Coumaphos,Coumaphos,56-72-4
cresol p,cresol p,
Cresols,Cresols,
Cryofluorane,Cryofluorane,76-14-2
Cumene,Cumene,98-82-8
Cyanamide,Cyanamide,420-04-2
Cyanazine,Cyanazine,21725-46-2
Cyanide,Cyanide,57-12-5
Cyanogen Chloride,Cyanogen Chloride,506-77-4
Cyclohexane,Cyclohexane,110-82-7
Cyclohexanol,Cyclohexanol,108-93-0
Cyclohexanone,Cyclohexanone,108-94-1
Cyclohexylamine,Cyclohexylamine,108-91-8
Cyfluthrin,Cyfluthrin,68359-37-5
Cypermethrin,Cypermethrin,52315-07-8
Date Lab Finished,Date Lab Finished,
Date Lab Started,Date Lab Started,
Date Sample Arrived at Lab,Date Sample Arrived at Lab,
DB Pressure,DB Pressure,
DB Temperature,DB Temperature,
DBP (Dibutyl Phthalate),DBP (Dibutyl Phthalate),84-74-2
DCHP (Dicyclohexyl Phthalate),DCHP (Dicyclohexyl Phthalate),84-61-7
"DDD (O,P)","DDD (O,P)",
"DDD (P,P)","DDD (P,P)",
"DDE (O,P)","DDE (O,P)",
"DDE (P,P)","DDE (P,P)",
DDT (Dichlorodiphenyltrichloroethane),DDT (Dichlorodiphenyltrichloroethane),
"DDT (O,P)","DDT (O,P)",
"DDT (P,P)","DDT (P,P)",
DDT Total,DDT Total,
DEHP (Di(2-ethylhexyl) Phthalate),DEHP (Di(2-ethylhexyl) Phthalate),117-81-7
delta-BHC,delta-BHC,
Demeton,Demeton,
Demeton-O,Demeton-O,
Demetons,Demetons,8065-48-3
Demeton-S-methyl,Demeton-S-methyl,
DEP (Diethyl Phthalate),DEP (Diethyl Phthalate),84-66-2
Deposited Dust,Deposited Dust,
Desmetryne,Desmetryne,
Diallate,Diallate,
Diallyl Phthalate,Diallyl Phthalate,131-17-9
"Diatomaceous Earth, Natural, Respirable Dust","Diatomaceous Earth, Natural, Respirable Dust",61790-53-2
Diazinon,Diazinon,333-41-5
"Dibenz(a,h)anthracene","Dibenz(a,h)anthracene",
"Dibenz(a,h)anthracene (PAH)","Dibenz(a,h)anthracene (PAH)",
Dibenzofuran,Dibenzofuran,
Dibenzothiophene,Dibenzothiophene,
Dibenzoyl Peroxide,Dibenzoyl Peroxide,94-36-0
Dibismuth Tritelluride,Dibismuth Tritelluride,1304-82-1
Diboron Trioxide,Diboron Trioxide,1303-86-2
Dibromo-3-chloropropane,Dibromo-3-chloropropane,
Dibromoacetonitrile,Dibromoacetonitrile,3252-43-5
Dibromochloromethane,Dibromochloromethane,124-48-1
Dibromofluoromethane,Dibromofluoromethane,
Dibromomethane,Dibromomethane,
Dibutyl Hydrogen Phosphate,Dibutyl Hydrogen Phosphate,107-66-4
Dibutyl Tin,Dibutyl Tin,
Dibutylbis(oxylauroyl)tin,Dibutylbis(oxylauroyl)tin,
Dicamba,Dicamba,
Dichlobenil,Dichlobenil,
Dichlofluanid,Dichlofluanid,
Dichloroacetate,Dichloroacetate,79-43-6
Dichloroacetonitrile,Dichloroacetonitrile,3018-12-0
Dichloroacetylene,Dichloroacetylene,7572-29-4
Dichloroaniline,Dichloroaniline,
Dichlorobenzene,Dichlorobenzene,25321-22-6
Dichlorobromethane,Dichlorobromethane,
Dichlorodifluoromethane,Dichlorodifluoromethane,
Dichlorodiphenyldichloroethane,Dichlorodiphenyldichloroethane,
Dichlorodiphenyldichloroethylene,Dichlorodiphenyldichloroethylene,
Dichlorofluoromethane,Dichlorofluoromethane,75-43-4
Dichloromethane,Dichloromethane,75-09-2
Dichloronitrobenzene,Dichloronitrobenzene,
Dichlorophen,Dichlorophen,97-23-4
Dichlorprop,Dichlorprop,120-36-5
Dichlorvos,Dichlorvos,62-73-7
Diclofol,Diclofol,
Dicyclopentadiene,Dicyclopentadiene,77-73-6
Dieldrin,Dieldrin,60-57-1
Diethyl Ether,Diethyl Ether,60-29-7
Diethyl Sulphate,Diethyl Sulphate,64-67-5
Diethylamine,Diethylamine,109-89-7
Diethylphthalate,Diethylphthalate,
Differential Pressure,Differential Pressure,
Diflubenzuron,Diflubenzuron,35367-38-5
Dihydrogen Selenide (As Se),Dihydrogen Selenide (As Se),2148909
Diisobutyl Phthalate,Diisobutyl Phthalate,84-69-5
Diisodecyl Phthalate,Diisodecyl Phthalate,26761-40-0
Diisononyl Phthalate,Diisononyl Phthalate,28553-12-0
Diisooctyl Phthalate,Diisooctyl Phthalate,27554-26-3
Diisopropyl Ether,Diisopropyl Ether,108-20-3
Diisopropylamine,Diisopropylamine,108-18-9
Dimethoate,Dimethoate,60-51-5
Dimethoxymethane,Dimethoxymethane,109-87-5
Dimethyl Ether,Dimethyl Ether,115-10-6
Dimethyl Sulphate,Dimethyl Sulphate,77-78-1
Dimethylamine,Dimethylamine,124-40-3
Dimethyldisulphide,Dimethyldisulphide,
Dimethylether,Dimethylether,
Dimethylethylphenol,Dimethylethylphenol,
Dimethylformamide,Dimethylformamide,68-12-2
Dimethylphenols,Dimethylphenols,
Dimethylphthalate,Dimethylphthalate,
Dimethylsulphide,Dimethylsulphide,
Di-n-butyl phthalate,Di-n-butyl phthalate,
Dinitrobenzenes,Dinitrobenzenes,25154-54-5
Di-n-octyl phthalate,Di-n-octyl phthalate,
Dinonyl Phthalate,Dinonyl Phthalate,84-76-4
Dinoseb,Dinoseb,
Dioctyl Phthalate,Dioctyl Phthalate,
Dioxin-like PCBs (WHO-TEQ  Birds),Dioxin-like PCBs (WHO-TEQ  Birds),
Dioxin-like PCBs (WHO-TEQ  Fish),Dioxin-like PCBs (WHO-TEQ  Fish),
Dioxin-like PCBs (WHO-TEQ Humans / Mammals),Dioxin-like PCBs (WHO-TEQ Humans / Mammals),
Dioxins / furans (I-TEQ),Dioxins / furans (I-TEQ),
Dioxins / furans (WHO-TEQ Birds),Dioxins / furans (WHO-TEQ Birds),
Dioxins / furans (WHO-TEQ Fish),Dioxins / furans (WHO-TEQ Fish),
Dioxins / furans (WHO-TEQ Humans / Mammals),Dioxins / furans (WHO-TEQ Humans / Mammals),
Diphenyl Ether,Diphenyl Ether,101-84-8
Diphenylamine,Diphenylamine,122-39-4
Diphosphorus Pentasulphide,Diphosphorus Pentasulphide,1314-80-3
Diphosphorus Pentoxide,Diphosphorus Pentoxide,1314-56-3
Dipropyl phthalate,Dipropyl phthalate,
Diquat Dibromide,Diquat Dibromide,85-00-7
Discharge Flow Rate,Discharge Flow Rate,
Discharge Rate Maximum,Discharge Rate Maximum,
Discharge Volume Daily,Discharge Volume Daily,
Discharge Volume Monthly,Discharge Volume Monthly,
Disodium Disulphite,Disodium Disulphite,7681-57-4
Disodium Tetraborate Decahydrate,Disodium Tetraborate Decahydrate,1303-96-4
Disodium Tetraborate Pentahydrate,Disodium Tetraborate Pentahydrate,11130-12-4
"Disodium Tetraborate, Anhydrous","Disodium Tetraborate, Anhydrous",1330-43-4
Dissolved or Emulsified Hydrocarbons,Dissolved or Emulsified Hydrocarbons,
Dissolved Organic Carbon,Dissolved Organic Carbon,
Dissolved Oxygen,Dissolved Oxygen,
Disulfoton,Disulfoton,
Disulphur Dichloride,Disulphur Dichloride,10025-67-9
Diuron,Diuron,330-54-1
DMP (Dimethyl Phthalate),DMP (Dimethyl Phthalate),131-11-3
DO (Dissolved Oxygen),DO (Dissolved Oxygen),7782-44-7
DOPs (Dioctyl Phthalates),DOPs (Dioctyl Phthalates),
Doramectin,Doramectin,117704-25-3
DTPA,DTPA,146724-95-0
Dust,Dust,
Dust Visible (Airborne),Dust Visible (Airborne),
E. Coli (faecal coliforms),E. Coli (faecal coliforms),
E.Coli,E.Coli,
EDTA,EDTA,6381-92-6
EDTA (Edetic Acid),EDTA (Edetic Acid),60-00-4
Electrical Conductivity,Electrical Conductivity,
Electrical Energy Exported,Electrical Energy Exported,
Electrical Energy Imported,Electrical Energy Imported,
Electrical Energy Used,Electrical Energy Used,
Emery,Emery,1302-74-5
Endosulfan,Endosulfan,115-29-7
Endosulfan Sulphate,Endosulfan Sulphate,
Endrin,Endrin,72-20-8
Endrin aldehyde,Endrin aldehyde,
Endrin Ketone,Endrin Ketone,
Enflurane,Enflurane,13838-16-9
Entero Viruses,Entero Viruses,
Enterococci,Enterococci,
Environmental Tobacco Smoke (ETS),Environmental Tobacco Smoke (ETS),
Epichlorohydrin,Epichlorohydrin,106-89-8
Epoxyconazole,Epoxyconazole,
Equipment Calibration Due,Equipment Calibration Due,
Equipment Last Calibration,Equipment Last Calibration,
Equipment Serial No,Equipment Serial No,
Equipment Used,Equipment Used,
Escherichia coli (E.coli),Escherichia coli (E.coli),
Ethanal,Ethanal,
Ethane,Ethane,
"Ethane-1,2-diol","Ethane-1,2-diol",107-21-1
Ethanethiol,Ethanethiol,75-08-1
Ethanol,Ethanol,64-17-5
Ethion,Ethion,
Ethoprop,Ethoprop,
Ethyl Acetate,Ethyl Acetate,141-78-6
Ethyl Acrylate,Ethyl Acrylate,140-88-5
Ethyl Benzene,Ethyl Benzene,
Ethyl butyrate,Ethyl butyrate,
Ethyl Chloride,Ethyl Chloride,
Ethyl Chloroformate,Ethyl Chloroformate,541-41-3
Ethyl Cyanoacrylate,Ethyl Cyanoacrylate,7085-85-0
Ethyl Formate,Ethyl Formate,109-94-4
Ethyl methanesulfonate,Ethyl methanesulfonate,
Ethyl methyl Benzenesulphonamide,Ethyl methyl Benzenesulphonamide,
Ethylamine,Ethylamine,75-04-7
Ethylbenzene,Ethylbenzene,100-41-4
Ethylene,Ethylene,
Ethylene Oxide,Ethylene Oxide,75-21-8
Ethylmethylbenzene,Ethylmethylbenzene,
Etrimphos,Etrimphos,
Faecal Coliforms,Faecal Coliforms,
Faecal Streptococci,Faecal Streptococci,
Fenchlorophos,Fenchlorophos,
Fenchlorphos,Fenchlorphos,299-84-3
Fenitrothion,Fenitrothion,122-14-5
Fenoprop,Fenoprop,93-72-1
Fenpropimorph,Fenpropimorph,
Fensulfothion,Fensulfothion,
Fenthion,Fenthion,
Ferrous Foundry Particulate,Ferrous Foundry Particulate,
Flammable Gas,Flammable Gas,
Flare on/off,Flare on/off,
Flour Dust,Flour Dust,
Flow Rate,Flow Rate,
Flucofuron,Flucofuron,370-50-3
Fluoranthene,Fluoranthene,206-44-0
Fluoranthene (PAH),Fluoranthene (PAH),
Fluorene,Fluorene,
Fluoride,Fluoride,16984-48-8
Fluorine,Fluorine,7782-41-4
Fluroxypyr,Fluroxypyr,
Flusialzole,Flusialzole,
Flusilazole,Flusilazole,85509-19-9
Formaldehyde,Formaldehyde,50-00-0
Formaldehyde (HCHO),Formaldehyde (HCHO),
Formamide,Formamide,75-12-7
Formic Acid,Formic Acid,64-18-6
Freon-11,Freon-11,
Freon-113,Freon-113,
Fuel Oil,Fuel Oil,
Furan,Furan,
gamma-BHC,gamma-BHC,
Gas Analyser Run Time,Gas Analyser Run Time,
Gas Flow,Gas Flow,
Gas Flow of Flare,Gas Flow of Flare,
Gas flow rate peak CH4,Gas flow rate peak CH4,
Gas flow rate peak CO2,Gas flow rate peak CO2,
Gas Flow Velocity,Gas Flow Velocity,
Gas Pressure,Gas Pressure,
Gas Screen Value Carbon Dioxide,Gas Screen Value Carbon Dioxide,
Gas Screen Value Methane,Gas Screen Value Methane,
Gas Temp,Gas Temp,
Gas Utilisation,Gas Utilisation,
Gasoline Range Organics,Gasoline Range Organics,
Gasoline Range Organics C5-C12,Gasoline Range Organics C5-C12,
Germane,Germane,7782-65-2
Glutaraldehyde,Glutaraldehyde,111-30-8
"Glycerol, Mist","Glycerol, Mist",56-81-5
Grain Dust,Grain Dust,
Graphite,Graphite,7440-44-0
GRO Surrogate,GRO Surrogate,
Groundwater Level,Groundwater Level,
Gypsum,Gypsum,10101-41-4
Haloforms Total,Haloforms Total,
Halogenated Organic Compounds (total),Halogenated Organic Compounds (total),
Halogenated Solvents,Halogenated Solvents,
Halogenoplatinum Compounds (As Pt),Halogenoplatinum Compounds (As Pt),
Halothane,Halothane,151-67-7
Hardness,Hardness,
Hardness as CaCO3,Hardness as CaCO3,
Hardwood Dust,Hardwood Dust,
Hazardous Pollutants screen,Hazardous Pollutants screen,
HCH Total,HCH Total,
HCH-alpha,HCH-alpha,
HCH-beta,HCH-beta,
HCH-delta,HCH-delta,
HCH-epsilon,HCH-epsilon,
HCH-gamma,HCH-gamma,
Heavy Metals,Heavy Metals,
Helium,Helium,
Heptachlor,Heptachlor,76-44-8
Heptachlor Epoxide,Heptachlor Epoxide,1024-57-3
Heptachlorepoxide,Heptachlorepoxide,
Heptan-2-one,Heptan-2-one,110-43-0
Heptan-3-one,Heptan-3-one,106-35-4
Heptanoic acid,Heptanoic acid,
Hexachlorobenzene,Hexachlorobenzene,118-74-1
Hexachlorobutadiene,Hexachlorobutadiene,87-68-3
Hexachlorobutadiene STLPAM,Hexachlorobutadiene STLPAM,
Hexachlorobutadiene STLPJZ,Hexachlorobutadiene STLPJZ,
Hexachlorocyclohexane,Hexachlorocyclohexane,608-73-1
Hexachlorocyclopentadiene,Hexachlorocyclopentadiene,
Hexachloroethane,Hexachloroethane,
Hexachloronorbornadiene,Hexachloronorbornadiene,
Hexachloropropene,Hexachloropropene,
Hexaconazole,Hexaconazole,
Hexan-2-one,Hexan-2-one,591-78-6
Hexanes,Hexanes,
Hexanoic acid,Hexanoic acid,
Hours Run,Hours Run,
Hydrazine,Hydrazine,302-01-2
Hydrocarbons,Hydrocarbons,
Hydrocarbons - total diesel range organics,Hydrocarbons - total diesel range organics,
Hydrocarbons - total minerals range organics,Hydrocarbons - total minerals range organics,
Hydrocarbons - total phenol range organics,Hydrocarbons - total phenol range organics,
Hydrocarbons - unburned,Hydrocarbons - unburned,
Hydrogen,Hydrogen,
Hydrogen Bromide,Hydrogen Bromide,10035-10-6
Hydrogen chloride,Hydrogen chloride,7647-01-0
Hydrogen Chloride (Gas and Aerosol Mists),Hydrogen Chloride (Gas and Aerosol Mists),7647-01-0
Hydrogen Cyanide,Hydrogen Cyanide,74-90-8
Hydrogen fluoride,Hydrogen fluoride,7664-39-3
Hydrogen Fluoride (As F),Hydrogen Fluoride (As F),7664-39-3
Hydrogen Ion Content,Hydrogen Ion Content,
Hydrogen Peroxide,Hydrogen Peroxide,7722-84-1
Hydrogen Sulphide,Hydrogen Sulphide,2148878
Hydrogen Sulphide POD,Hydrogen Sulphide POD,
Hydroquinone,Hydroquinone,123-31-9
Imazethapyr,Imazethapyr,81335-77-5
Indene,Indene,95-13-6
"Indeno(1,2,3 cd)pyrene","Indeno(1,2,3 cd)pyrene",
"Indeno[1,2,3-cd]pyrene","Indeno[1,2,3-cd]pyrene",193-39-5
Indium and Its Compounds (As In),Indium and Its Compounds (As In),
Iodine,Iodine,7553-56-2
Iodoform,Iodoform,75-47-8
Iodomethane,Iodomethane,74-88-4
Ionic Balance,Ionic Balance,
Ioxynil,Ioxynil,1689-83-4
Iron,Iron,7439-89-6
Iron - Total Unfiltered,Iron - Total Unfiltered,
"Iron Oxide, Fume (As Fe)","Iron Oxide, Fume (As Fe)",1309-37-1
Iron Salts (As Fe),Iron Salts (As Fe),
Isobutyl Acetate,Isobutyl Acetate,110-19-0
iso-Butyric acid,iso-Butyric acid,
iso-Caproic acid,iso-Caproic acid,
"Isocyanates, All (As -NCO)","Isocyanates, All (As -NCO)",
Isodrin,Isodrin,465-73-6
Isoflurane,Isoflurane,26675-46-7
Isooctyl Alcohol,Isooctyl Alcohol,26952-21-6
Isopentane,Isopentane,78-78-4
Isophorone,Isophorone,
Isopropyl Acetate,Isopropyl Acetate,108-21-4
Isopropyl Chloroformate,Isopropyl Chloroformate,108-23-6
Isopropylbenzene,Isopropylbenzene,
iso-propyltoluene,iso-propyltoluene,
Isoproturon,Isoproturon,34123-59-6
Isosafrole,Isosafrole,
iso-Valeric acid,iso-Valeric acid,
Ivermectin,Ivermectin,70288-86-7
"Kaolin, Respirable Dust","Kaolin, Respirable Dust",1332-58-7
Kepone,Kepone,
Ketene,Ketene,463-51-4
Kresoxym-methyl,Kresoxym-methyl,
Lab Job No,Lab Job No,
Lab Sample Ref,Lab Sample Ref,
Lab Status,Lab Status,
Lab Turnaround Total Days,Lab Turnaround Total Days,
Laboratory Used,Laboratory Used,
Leachate Level,Leachate Level,
Lead,Lead,7439-92-1
LEL,LEL,
Lime,Lime,
Limestone,Limestone,1317-65-3
Lindane,Lindane,58-89-9
Lindane-delta,Lindane-delta,
Linuron,Linuron,330-55-2
Liquefied Petroleum Gas,Liquefied Petroleum Gas,68476-85-7
Lithium,Lithium,
Lithium Hydride,Lithium Hydride,7580-67-8
Lithium Hydroxide,Lithium Hydroxide,1310-65-2
"Lithium, Dissolved","Lithium, Dissolved",
Magnesite,Magnesite,546-93-0
Magnesium,Magnesium,
Magnesium Hardness as CaCO3,Magnesium Hardness as CaCO3,
Magnesium Oxide (As Mg),Magnesium Oxide (As Mg),1309-48-4
Malachite Green,Malachite Green,2437-29-8
Malathion,Malathion,121-75-5
Maleic Anhydride,Maleic Anhydride,108-31-6
Mancozeb,Mancozeb,2234562
Maneb,Maneb,12427-38-2
Manganese,Manganese,7439-96-5
Man-Made Vitreous Fibres (MMVF),Man-Made Vitreous Fibres (MMVF),
Marble,Marble,1317-65-3
Maximum Daily Flow,Maximum Daily Flow,
MCPA,MCPA,
MCPA ((4-Chloro-2-methylphenoxy)acetic Acid),MCPA ((4-Chloro-2-methylphenoxy)acetic Acid),94-74-6
MCPB,MCPB,
Mean Daily Flow,Mean Daily Flow,
Mecoprop,Mecoprop,93-65-2
Mercaptoacetic Acid,Mercaptoacetic Acid,68-11-1
Mercury,Mercury,7439-97-6
Mercury (II) nitrate,Mercury (II) nitrate,
Mercury and its compounds,Mercury and its compounds,
Mercury and its compounds expressed as Mercury (Total Hg),Mercury and its compounds expressed as Mercury (Total Hg),
Merphos,Merphos,
Mesosulfuron-methyl,Mesosulfuron-methyl,
Metalaxyl,Metalaxyl,
Metaldehyde,Metaldehyde,
"Metals Total and Dissolved ( Zn, CU, Cd, Pb, Ni, Hg )","Metals Total and Dissolved ( Zn, CU, Cd, Pb, Ni, Hg )",
Methabenzthiazuron,Methabenzthiazuron,
Methacriphos,Methacriphos,
Methacrylic Acid,Methacrylic Acid,79-41-4
Methacrylonitrile,Methacrylonitrile,126-98-7
Methanal,Methanal,
Methane,Methane,
Methane Flux,Methane Flux,
Methane Peak,Methane Peak,
Methanethiol,Methanethiol,74-93-1
Methanol,Methanol,67-56-1
Methiocarb,Methiocarb,2032-65-7
Methoxychlor,Methoxychlor,72-43-5
"Methoxychlor o,p","Methoxychlor o,p",
"Methoxychlor p,p","Methoxychlor p,p",
Methyl Acetate,Methyl Acetate,79-20-9
Methyl Cyanoacrylate,Methyl Cyanoacrylate,137-05-3
Methyl Ethyl Ketone Peroxides (MEKP),Methyl Ethyl Ketone Peroxides (MEKP),1338-23-4
Methyl ethyl phenol,Methyl ethyl phenol,
Methyl Methacrylate,Methyl Methacrylate,80-62-6
Methyl tert-Butyl Ether,Methyl tert-Butyl Ether,1634-04-4
Methyl tertiary-butyl ether (MTBE),Methyl tertiary-butyl ether (MTBE),
Methylcyclohexanol,Methylcyclohexanol,25639-42-3
Methylene Chloride,Methylene Chloride,
Methylparathion,Methylparathion,
Methylphenols,Methylphenols,
Metolachlor,Metolachlor,51218-45-2
Mevinphos,Mevinphos,7786-34-7
Mica,Mica,12001-26-2
Microcystin-LR,Microcystin-LR,
Mineral Oil,Mineral Oil,
Mineral Oils,Mineral Oils,
Mineral Oils and Hydrocarbons,Mineral Oils and Hydrocarbons,8012-95-1
MMMF (Machine-Made Mineral Fibre),MMMF (Machine-Made Mineral Fibre),
Molinate,Molinate,2212-67-1
Molybdenum,Molybdenum,7439-98-7
Monlinuron,Monlinuron,
Monobutyl Tin as Cation,Monobutyl Tin as Cation,
Monochloramine,Monochloramine,10599-90-3
Monochloroacetic Acid,Monochloroacetic Acid,79-11-8
Monuron,Monuron,
Morpholine,Morpholine,110-91-8
Mthe,Mthe,
"N,N-Dimethylacetamide","N,N-Dimethylacetamide",127-19-5
"N,N-Dimethylaniline","N,N-Dimethylaniline",121-69-7
"N,N-Dimethylethylamine","N,N-Dimethylethylamine",598-56-1
Naled,Naled,
Naphthalene,Naphthalene,91-20-3
National Grid Ref,National Grid Ref,
n-Butyl Acrylate,n-Butyl Acrylate,141-32-2
n-Butyl Chloroformate,n-Butyl Chloroformate,592-34-7
n-Butylbenzene,n-Butylbenzene,
n-Butyric acid,n-Butyric acid,
n-Caproic acid,n-Caproic acid,
n-Dibutyl phthalate,n-Dibutyl phthalate,
Neopentane,Neopentane,463-82-1
Net total annual production,Net total annual production,
n-Heptane,n-Heptane,142-82-5
n-Hexane,n-Hexane,110-54-3
Nickel,Nickel,7440-02-0
Nicotine,Nicotine,54-11-5
Nitrate,Nitrate,769-73-2
Nitric Acid,Nitric Acid,7697-37-2
Nitrite,Nitrite,14797-65-0
Nitrobenzene,Nitrobenzene,98-95-3
Nitrogen,Nitrogen,7727-37-9
Nitrogen Dioxide,Nitrogen Dioxide,10102-44-0
Nitrogen Oxides,Nitrogen Oxides,
Nitromethane,Nitromethane,75-52-5
Nitrous Oxide,Nitrous Oxide,10024-97-2
Nitrous oxide (N2O),Nitrous oxide (N2O),10024-97-2
N-Methylaniline,N-Methylaniline,100-61-8
NMVOCs,NMVOCs,
n-Nitrosodiethylamine,n-Nitrosodiethylamine,
n-Nitrosodimethylamine,n-Nitrosodimethylamine,
n-Nitroso-di-N-butylamine,n-Nitroso-di-N-butylamine,
n-Nitroso-di-n-propylamine,n-Nitroso-di-n-propylamine,
n-Nitrosodiphenylamine,n-Nitrosodiphenylamine,
n-Nitrosomethylethylamine,n-Nitrosomethylethylamine,
n-Nitrosopiperidine,n-Nitrosopiperidine,
n-Nitrosopyrrolidine,n-Nitrosopyrrolidine,
Nonylphenol,Nonylphenol,25154-52-3
Nonylphenol ethoxylate,Nonylphenol ethoxylate,
Nonylphenols,Nonylphenols,
NOX,mono-nitrogen oxides NO and NO ₂,
n-Propyl Acetate,n-Propyl Acetate,109-60-4
n-Propylbenzene,n-Propylbenzene,
NTA (Nitrilotriacetic Acid),NTA (Nitrilotriacetic Acid),139-13-9
n-Valeric acid,n-Valeric acid,
O2,Oxygen,
o-Acetylsalicyclic Acid,o-Acetylsalicyclic Acid,50-78-2
o-Chlorotoluene,o-Chlorotoluene,
Octylphenol,Octylphenol,1806-26-4
Octylphenols,Octylphenols,
Odour,Odour,
Odour Description,Odour Description,
Odour Extent,Odour Extent,
Odour Intensity,Odour Intensity,
Oil and Grease,Oil and Grease,
Oil and Grease (Visual),Oil and Grease (Visual),
Oil and Grease Saponifiable,Oil and Grease Saponifiable,
Oil and Grease Unsaponifiable,Oil and Grease Unsaponifiable,
Oil/Grease,Oil/Grease,
Omethoate,Omethoate,1113-02-6
Organochlorine Pesticides,Organochlorine Pesticides,
Organohalogens,Organohalogens,
Organophosphorous compounds,Organophosphorous compounds,
Organophosphorus Compounds,Organophosphorus Compounds,
Organotin compounds,Organotin compounds,
Orthophosphate,Orthophosphate,
Orthophosphoric Acid,Orthophosphoric Acid,7664-38-2
Osmium Tetraoxide (As Os),Osmium Tetraoxide (As Os),20816-12-0
Other Energy Produced,Other Energy Produced,
Other inputs of water/moisture,Other inputs of water/moisture,
Other Solid Residues,Other Solid Residues,
o-Toluidene,o-Toluidene,95-53-4
o-toluidine,o-toluidine,
Oxalic Acid,Oxalic Acid,144-62-7
Oxides of Nitrogen (NO and NO2 expressed as NO2),Oxides of Nitrogen (NO and NO2 expressed as NO2),10102-44-0
Oxidisability,Oxidisability,
Oxydemeton-methyl,Oxydemeton-methyl,
Oxygen,Oxygen,7782-44-7
Ozone,Ozone,10028-15-6
"p,p-DDT (1,1,1-Trichloro-2,2-bis(4-chlorophenyl)ethane)","p,p-DDT (1,1,1-Trichloro-2,2-bis(4-chlorophenyl)ethane)",50-29-3
PAHs (Polycyclic Aromatic Hydrocarbons),PAHs (Polycyclic Aromatic Hydrocarbons),
"Paracetamol, Inhalable Dust","Paracetamol, Inhalable Dust",103-90-2
"Paraffin Wax, Fume","Paraffin Wax, Fume",8002-74-2
p-Aramid Respirable Fibres,p-Aramid Respirable Fibres,26125-61-1
"Paraquat Dichloride, Respirable Dust","Paraquat Dichloride, Respirable Dust",1910-42-5
Parathion,Parathion,56-38-2
Parathion-ethyl,Parathion-ethyl,
Parathion-methyl,Parathion-methyl,
Particles,Particles,
Particles (PM10),Particles (PM10),
Particulates,Particulates,
Particulates (PM10),Particulates (PM10),
PCB101,PCB101,
PCB118,PCB118,
PCB123,PCB123,
PCB138,PCB138,
PCB153,PCB153,
PCB180,PCB180,
PCB28,PCB28,
PCB52,PCB52,
PCBs (Polychlorinated Biphenyls),PCBs (Polychlorinated Biphenyls),1336-36-3
PCDDs and PCDFs (Polychlorinated Dibenzodioxins and Dibenzofurans),PCDDs and PCDFs (Polychlorinated Dibenzodioxins and Dibenzofurans),
p-Chloroaniline,p-Chloroaniline,
p-Chlorotoluene,p-Chlorotoluene,
PCSDs,PCSDs,
p-Dimethylaminoazobenzene,p-Dimethylaminoazobenzene,
Pendimethalin,Pendimethalin,40487-42-1
penta-BDPE (Pentabromodiphenyl Ether),penta-BDPE (Pentabromodiphenyl Ether),32534-81-9
Pentacarbonyliron (As Fe),Pentacarbonyliron (As Fe),13463-40-6
Pentachlorobenzene,Pentachlorobenzene,608-93-5
Pentachloroethane,Pentachloroethane,
Pentachloronitrobenzene,Pentachloronitrobenzene,
Pentachlorophenol,Pentachlorophenol,87-86-5
Pentachlorophenol (PCP),Pentachlorophenol (PCP),
Pentaerythritol,Pentaerythritol,115-77-5
Pentan-2-one,Pentan-2-one,107-87-9
Pentan-3-one,Pentan-3-one,96-22-0
Pentane,Pentane,109-66-0
Pentanes,Pentanes,
Pentyl Acetates (All Isomers),Pentyl Acetates (All Isomers),
Perfluorooctane Acid,Perfluorooctane Acid,
Perfluorooctane Sulphonate,Perfluorooctane Sulphonate,
Permanganate value,Permanganate value,
Permethrin,Permethrin,52645-53-1
Personnel,Personnel,
Pesticides - Total,Pesticides - Total,
"Pesticides (Other Than Aldrin, Dieldrin, Heptachlor, Heptachlor Epoxide)","Pesticides (Other Than Aldrin, Dieldrin, Heptachlor, Heptachlor Epoxide)",
Petroleum Hydrocarbons,Petroleum Hydrocarbons,
pH,pH,
Phenanthrene,Phenanthrene,
Phenanthrene ESG SVOC,Phenanthrene ESG SVOC,
Phenol,Phenol,108-95-2
Phenolic Compounds,Phenolic Compounds,
Phenols,Phenols,
Phenols (Phenol Index) Paranitraniline 4-Aminoantipyrene,Phenols (Phenol Index) Paranitraniline 4-Aminoantipyrene,
Phenols Monohydric,Phenols Monohydric,
Phenylamine,Phenylamine,
Phorate,Phorate,298-02-2
Phosalone,Phosalone,
Phosfamidon,Phosfamidon,
Phosgene,Phosgene,75-44-5
Phosphates,Phosphates,
Phosphine,Phosphine,7803-51-2
Phosphorus,Phosphorus,7723-14-0
Phosphorus Pentachloride,Phosphorus Pentachloride,10026-13-8
Phosphorus Trichloride,Phosphorus Trichloride,2125683
"Phosphorus, soluble reactive","Phosphorus, soluble reactive",
"Phosphorus, Total Inorganic","Phosphorus, Total Inorganic",
Phosphoryl Trichloride,Phosphoryl Trichloride,10025-87-3
Phthalic Anhydride,Phthalic Anhydride,85-44-9
Picloram,Picloram,6607
Picric Acid,Picric Acid,88-89-1
Piperazine,Piperazine,110-85-0
Piperazine Dihydrochloride,Piperazine Dihydrochloride,142-64-3
Piperidine,Piperidine,110-89-4
Pirimicarb,Pirimicarb,23103-98-2
Pirimiphos-ethyl,Pirimiphos-ethyl,
Pirimiphos-methyl,Pirimiphos-methyl,29232-93-7
p-isopropyltoluene,p-isopropyltoluene,
Plaster of Paris,Plaster of Paris,26499-65-0
Plate Count 22C,Plate Count 22C,
Plate Count 37C,Plate Count 37C,
Platinum,Platinum,2023600
"Platinum Compounds, Soluble (As Pt)","Platinum Compounds, Soluble (As Pt)",
PM10 24hra,PM10 24hra,
PM10 in Air,PM10 in Air,
PM2.5 24hra,PM2.5 24hra,
Poisonous substances,Poisonous substances,
Polyvinyl Chloride,Polyvinyl Chloride,9002-86-2
Portland Cement,Portland Cement,65997-15-1
Potassium,Potassium,
Potassium Hydroxide,Potassium Hydroxide,1310-58-3
Power Generated,Power Generated,
p-Phenylenediamine,p-Phenylenediamine,106-50-3
Precipitation,Precipitation,
Pressure,Pressure,
Presumptive Clostridia,Presumptive Clostridia,
Presumptive F.Coli,Presumptive F.Coli,
Presumptive T.Coli,Presumptive T.Coli,
PresumptiveEnterococci,PresumptiveEnterococci,
Prochloraz,Prochloraz,67747-09-5
Prometon,Prometon,
Prometryne,Prometryne,
Pronamide,Pronamide,
Prop-2-yn-1-ol,Prop-2-yn-1-ol,107-19-7
Propan-1-ol,Propan-1-ol,71-23-8
Propan-2-ol,Propan-2-ol,67-63-0
Propane,Propane,
"Propane-1,2-diol","Propane-1,2-diol",57-55-6
Propanil,Propanil,
Propazine,Propazine,
Propetamphos,Propetamphos,31218-83-4
Propionic Acid,Propionic Acid,79-09-4
Propoxur,Propoxur,114-26-1
Propranolol,Propranolol,525-66-6
Propylbenzene,Propylbenzene,
Propylene,Propylene,
Propylene Oxide,Propylene Oxide,75-56-9
Propyzamide,Propyzamide,23950-58-5
Pseudomonas aeruginosa,Pseudomonas aeruginosa,
p-Toluenesulphonyl Chloride,p-Toluenesulphonyl Chloride,98-59-9
Pulse Count,Pulse Count,
Pulverised Fuel Ash,Pulverised Fuel Ash,
Pump count value,Pump count value,
Pump Valve position On/Off,Pump Valve position On/Off,
Purge Volume,Purge Volume,
Purged Water Volume,Purged Water Volume,
Pyrene,Pyrene,
Pyrethrum,Pyrethrum,8003-34-7
Pyridine,Pyridine,110-86-1
Pyriproxyfen,Pyriproxyfen,95737-68-1
Pyrocatechol,Pyrocatechol,120-80-9
Quantity Waste Incinerated,Quantity Waste Incinerated,
Radon,Radon,10043-92-2
Rapidly settleable solids,Rapidly settleable solids,
Reason for not sampling,Reason for not sampling,
Redox Potential,Redox Potential,
Refractory Ceramic Fibres and Special Purpose Fibres,Refractory Ceramic Fibres and Special Purpose Fibres,
Relative Pressure,Relative Pressure,
Residual Organic Carbon,Residual Organic Carbon,
Resorcinol,Resorcinol,108-46-3
Response Zone,Response Zone,
Retention Time,Retention Time,
Rhodium (As Rh),Rhodium (As Rh),7440-16-6
Rising/Falling,Rising/Falling,
Ronnel,Ronnel,
Rosin-Based Solder Flux Fume,Rosin-Based Solder Flux Fume,2246493
Rotenone,Rotenone,83-79-4
Rouge,Rouge,1309-37-1
Rubber Fume,Rubber Fume,
Rubber Process Dust,Rubber Process Dust,
Safrole,Safrole,
Salinity,Salinity,
Salmonella,Salmonella,
Sample Method,Sample Method,
Sample Ref No,Sample Ref No,
Sampler Name,Sampler Name,
Saturation Depth,Saturation Depth,
Saxitoxin,Saxitoxin,35523-89-8
"Sb, As, Pb, Cr, Co, Cu, Mn, Ni and V and their compounds (total)","Sb, As, Pb, Cr, Co, Cu, Mn, Ni and V and their compounds (total)",
Secbumeton,Secbumeton,
sec-Butyl Acetate,sec-Butyl Acetate,105-46-4
sec-Butylbenzene,sec-Butylbenzene,
Selenium,Selenium,7782-49-2
Settleable solids,Settleable solids,
Silane,Silane,7803-62-5
Silica as SiO2,Silica as SiO2,
"Silica, Amorphous","Silica, Amorphous",
"Silica, Fused Respirable Dust","Silica, Fused Respirable Dust",60676-86-0
"Silica, Respirable Crystalline","Silica, Respirable Crystalline",
Silicon,Silicon,7440-21-3
Silicon (Organic Compounds of),Silicon (Organic Compounds of),7440-21-3
Silicon Carbide (Not Whiskers),Silicon Carbide (Not Whiskers),409-21-2
Silver,Silver,7440-22-4
"Silver Compounds, Soluble (As Ag)","Silver Compounds, Soluble (As Ag)",
Simazine,Simazine,122-34-9
Site Weather Conditions,Site Weather Conditions,
Sodium,Sodium,7440-23-5
"Sodium 2-(2,4-Dichlorophenoxy)ethyl Sulphate","Sodium 2-(2,4-Dichlorophenoxy)ethyl Sulphate",136-78-7
Sodium Azide,Sodium Azide,26628-22-8
Sodium Hydrogen Sulphite,Sodium Hydrogen Sulphite,7631-90-5
Sodium Hydroxide,Sodium Hydroxide,1310-73-2
Softwood Dust,Softwood Dust,
"Solids, Ashed STL008","Solids, Ashed STL008",
Solvent Extractable Matter,Solvent Extractable Matter,
Solvents Aromatic total,Solvents Aromatic total,
SOX,sulphur oxides,
Specific individual poly-cyclic aromatic hydrocarbons (PAHs),Specific individual poly-cyclic aromatic hydrocarbons (PAHs),
Stack gas pressure,Stack gas pressure,
Stack gas temperature,Stack gas temperature,
Starch,Starch,9005-25-8
Stirofos,Stirofos,
Strontium,Strontium,
"Strontium, Filtered","Strontium, Filtered",
Styrene,Styrene,100-42-5
Substances Affecting the Taste of the Shellfish,Substances Affecting the Taste of the Shellfish,
Substances Extractable with Chloroform,Substances Extractable with Chloroform,
"Substances Possessing Carcinogenic, Mutagenic or Teratogenic Properties in or via the Aquatic Environment","Substances Possessing Carcinogenic, Mutagenic or Teratogenic Properties in or via the Aquatic Environment",
Subtilisins,Subtilisins,
Sucrose,Sucrose,57-50-1
Sulcofuron,Sulcofuron,
Sulfotep,Sulfotep,3689-24-5
Sulphate,Sulphate,14808-79-8
Sulphide,Sulphide,
Sulphite-reducing Clostridia,Sulphite-reducing Clostridia,
Sulphur,Sulphur,
Sulphur dioxide,Sulphur dioxide,7446-09-05
Sulphur Hexafluoride,Sulphur Hexafluoride,2551-62-4
Sulphuryl Difluoride,Sulphuryl Difluoride,2699-79-8
Surface-Active Substances Reacting with Methylene Blue (Lauryl Sulphate),Surface-Active Substances Reacting with Methylene Blue (Lauryl Sulphate),
Suspended Solids,Suspended Solids,
SVOC,SVOC,
SVOC TICS,SVOC TICS,
SVOCs,SVOCs,
Symetryn,Symetryn,
"Talc, Respirable Dust","Talc, Respirable Dust",14807-96-6
Tantalum,Tantalum,7440-25-7
Tarry Residues and Floating Materials,Tarry Residues and Floating Materials,
Taste,Taste,
"TDE (O,P)","TDE (O,P)",
"TDE (P,P)","TDE (P,P)",
Tebuconazole,Tebuconazole,
Tecnazene,Tecnazene,117-18-0
Tedlar Bag Details,Tedlar Bag Details,
Tellurium,Tellurium,"13494-80-9, 22541-49-7"
Temp,Temperature,
Temperature,Temperature,
Terbuthylazine,Terbuthylazine,5915-41-3
Terbutryn,Terbutryn,
Terphenyl-d14,Terphenyl-d14,
Terphenyls,Terphenyls,26140-60-3
Terpin monohydrate,Terpin monohydrate,
tert-Amyl methyl ether,tert-Amyl methyl ether,
tert-Butyl Acetate,tert-Butyl Acetate,540-88-5
tert-Butylbenzene,tert-Butylbenzene,
tert-Butylmethylether,tert-Butylmethylether,
tert-Butylphenol,tert-Butylphenol,
Tetra and Trichloroethene,Tetra and Trichloroethene,
Tetrabutyl tin,Tetrabutyl tin,
Tetracarbonylnickel (As Ni),Tetracarbonylnickel (As Ni),13463-39-3
Tetrachlorobenzene,Tetrachlorobenzene,
Tetrachloroethane,Tetrachloroethane,
Tetrachloroethene,Tetrachloroethene,
Tetrachloroethene (Perchloroethene),Tetrachloroethene (Perchloroethene),127-18-4
Tetrachloroethylene,Tetrachloroethylene,
Tetrachloromethane,Tetrachloromethane,
Tetrachloromethane (Carbon Tetrachloride),Tetrachloromethane (Carbon Tetrachloride),56-23-5
Tetradecanoic acid,Tetradecanoic acid,
Tetrahydrofuran,Tetrahydrofuran,109-99-9
Tetrasodium Pyrophosphate,Tetrasodium Pyrophosphate,7722-88-5
Thallium,Thallium,7440-28-0
Thiabendazole,Thiabendazole,148-79-8
Thiocyanate,Thiocyanate,
Thionyl Chloride,Thionyl Chloride,2125597
Time Sample Ended,Time Sample Ended,
Time Sample Started,Time Sample Started,
Tin,Tin,7440-31-5
"Tin Compounds, Inorganic","Tin Compounds, Inorganic",
Titanium,Titanium,7440-32-6
Titanium Dioxide,Titanium Dioxide,13463-67-7
TOC (Total Organic Carbon),TOC (Total Organic Carbon),
Tokuthion,Tokuthion,
Tolex,Tolex,
Toluene,Toluene,108-88-3
Toluene Extractable Matter,Toluene Extractable Matter,
Total Acidity,Total Acidity,
Total Chlorinated Hydrocarbons,Total Chlorinated Hydrocarbons,
Total daily volume of discharge,Total daily volume of discharge,
Total Indicative Dose (for Radioactivity),Total Indicative Dose (for Radioactivity),
Total Inhalable Dust,Total Inhalable Dust,
Total Nitrogen,Total Nitrogen,7727-37-9
Total Organic Carbon (TOC),Total Organic Carbon (TOC),7440-44-0
Total Oxidised Nitrogen (TON),Total Oxidised Nitrogen (TON),
Total Pesticides,Total Pesticides,
Total Petroleum Hydrocarbons,Total Petroleum Hydrocarbons,
Total phosphorus,Total phosphorus,7723-14-0
Total suspended solids (TSS),Total suspended solids (TSS),
Total suspended solids (TSS) Spot sample,Total suspended solids (TSS) Spot sample,
Total Volatile Substances (TVS),Total Volatile Substances (TVS),
TPH,TPH,
TPH Aliphatics,TPH Aliphatics,
TPH Aqueous Phase,TPH Aqueous Phase,
TPH Aromatics,TPH Aromatics,
TPH C10-C12,TPH C10-C12,
TPH C10-C16,TPH C10-C16,
TPH C10-C20,TPH C10-C20,
TPH C10-C21,TPH C10-C21,
TPH C10-C39,TPH C10-C39,
TPH C10-C40,TPH C10-C40,
TPH C11-C12,TPH C11-C12,
TPH C12-C16,TPH C12-C16,
TPH C16-C21,TPH C16-C21,
TPH C16-C24,TPH C16-C24,
TPH C20-C40,TPH C20-C40,
TPH C21-C35,TPH C21-C35,
TPH C21-C40,TPH C21-C40,
TPH C24-C40,TPH C24-C40,
TPH C35-C39,TPH C35-C39,
TPH C5-C10,TPH C5-C10,
TPH C5-C35,TPH C5-C35,
TPH C6-C10,TPH C6-C10,
TPH C6-C40,TPH C6-C40,
TPH C6-C8,TPH C6-C8,
TPH C8-C10,TPH C8-C10,
TPH C8-C40,TPH C8-C40,
TPH C9-C40,TPH C9-C40,
TPH GC,TPH GC,
Trans Chlordane,Trans Chlordane,
"trans-1,2-Dichloroethane","trans-1,2-Dichloroethane",
"trans-1,2-Dichloroethene","trans-1,2-Dichloroethene",
"trans-1,3-Dichloropropene","trans-1,3-Dichloropropene",
Transparency,Transparency,
Triadimefon,Triadimefon,
Triallate,Triallate,2303-17-5
Triazophos,Triazophos,24017-47-8
Tribromomethane,Tribromomethane,
Tributlytin oxide (TBTO),Tributlytin oxide (TBTO),
Tributyl Phosphate,Tributyl Phosphate,126-73-8
Tributyltin,Tributyltin,56573-85-4
Tributyltin Compounds,Tributyltin Compounds,688-73-3
Trichlorfon,Trichlorfon,
Trichlorinate,Trichlorinate,
Trichloro-2(2chlorophenyl)2ethane opDDT,Trichloro-2(2chlorophenyl)2ethane opDDT,
Trichloroacetate,Trichloroacetate,76-03-9
Trichlorobenzene,Trichlorobenzene,12002-48-1
Trichlorobenzene (total),Trichlorobenzene (total),
Trichloroethane,Trichloroethane,
Trichloroethene,Trichloroethene,
Trichloroethene (Trichloroethylene),Trichloroethene (Trichloroethylene),79-01-6
Trichloroethylene,Trichloroethylene,
Trichlorofluoromethane,Trichlorofluoromethane,
Trichloronitromethane,Trichloronitromethane,76-06-2
Triclorpyr,Triclorpyr,
Trietazine,Trietazine,
Triethylamine,Triethylamine,121-44-8
Trifluralin,Trifluralin,1582-09-8
Triglycidyl Isocyanurate (TGIC),Triglycidyl Isocyanurate (TGIC),2451-62-9
Trihalomethanes,Trihalomethanes,
Trihalomethanes (total),Trihalomethanes (total),
Trimellitic Anhydride,Trimellitic Anhydride,552-30-7
Trimethyl ester phosphoric acid,Trimethyl ester phosphoric acid,
Trimethyl hexanoic acid,Trimethyl hexanoic acid,
Trimethyl Phosphite,Trimethyl Phosphite,121-45-9
Trimethylbenzenes,Trimethylbenzenes,25551-13-7
Trimethyl-benzenesulphonamide,Trimethyl-benzenesulphonamide,
Trimethylphenols,Trimethylphenols,
Tri-o-tolyl Phosphate,Tri-o-tolyl Phosphate,78-30-8
Triphenyl Phosphate,Triphenyl Phosphate,115-86-6
Triphenyltin,Triphenyltin,
Triphenyltin and Its Derivatives,Triphenyltin and Its Derivatives,668-34-8
Triphenyltin oxide (TPTO),Triphenyltin oxide (TPTO),
Tritium,Tritium,10028-17-8
Tungsten and Its Compounds (As W),Tungsten and Its Compounds (As W),7440-33-7
Turbidity,Turbidity,
Turpentine,Turpentine,8006-64-2
TVA,TVA,
Type,Type,
Unidentified Peak,Unidentified Peak,
Uranium,Uranium,7440-61-1
Urea,Urea,
Valeric acid,Valeric acid,
Valve Opened,Valve Opened,
Valve Position,Valve Position,
Valve Turn Position After,Valve Turn Position After,
Valve Turn Position Before,Valve Turn Position Before,
Vanadium,Vanadium,7440-62-2
Vanadium Pentoxide,Vanadium Pentoxide,1314-62-1
Vinyl Chloride,Vinyl Chloride,75-01-4
Visual Inspection (insitu),Visual Inspection (insitu),
VOC with TICs,VOC with TICs,
VOCs,VOCs,
Volatile Acid Total,Volatile Acid Total,
Volatile Fatty Acids C1-C6,Volatile Fatty Acids C1-C6,
Volatile organic Compounds (VOCs) (as carbon),Volatile organic Compounds (VOCs) (as carbon),
Volume,Volume,
Waste/raw material inputs,Waste/raw material inputs,
Waste/raw material outputs,Waste/raw material outputs,
Water inputs to the Mill,Water inputs to the Mill,
Water outputs,Water outputs,
Water used in manufacturing,Water used in manufacturing,
Water vapour,Water vapour,
Wind Direction,Wind Direction,
Wind Speed,Wind Speed,
Wool Process Dust,Wool Process Dust,
Xylenes,Xylenes,1330-20-7
Xylenols,Xylenols,
Yttrium,Yttrium,7440-65-5
Zinc,Zinc,7440-66-6
"Zinc Chloride, Fume","Zinc Chloride, Fume",7646-85-7
Zinc Distearate,Zinc Distearate,557-05-1
Zirconium Compounds (As Zr) Bottom of Form,Zirconium Compounds (As Zr) Bottom of Form,
