name,definition
(2-Methoxymethylethoxy)propanol,(2-Methoxymethylethoxy)propanol
"1,1,1,2-Tetrachloroethane","1,1,1,2-Tetrachloroethane"
"1,1,1,2-Tetrafluoroethane","1,1,1,2-Tetrafluoroethane"
"1,1,1-trichloro-2,2-ethane","1,1,1-trichloro-2,2-ethane"
"1,1,1-Trichloroethane","1,1,1-Trichloroethane"
"1,1,2,2-Tetrabromoethane","1,1,2,2-Tetrabromoethane"
"1,1,2,2-Tetrachloroethane","1,1,2,2-Tetrachloroethane"
"1,1,2-Trichloroethane","1,1,2-Trichloroethane"
"1,1,2-Trichloroethene","1,1,2-Trichloroethene"
"1,1-dichloro-2,2-bis-ethane","1,1-dichloro-2,2-bis-ethane"
"1,1-Dichloroethane","1,1-Dichloroethane"
"1,1-Dichloroethene","1,1-Dichloroethene"
"1,1-Dichloroethylene","1,1-Dichloroethylene"
"1,1-Dichloropropene","1,1-Dichloropropene"
"1,1-Dimethylethylbenzene","1,1-Dimethylethylbenzene"
"1,2,3 Indeno (cd) pyrene","1,2,3 Indeno (cd) pyrene"
"1,2,3,4-Tetrachlorobenzene","1,2,3,4-Tetrachlorobenzene"
"1,2,3,4-Tetrachloro-benzene","1,2,3,4-Tetrachloro-benzene"
"1,2,3-Trichlorobenzene","1,2,3-Trichlorobenzene"
"1,2,3-Trichloropropane","1,2,3-Trichloropropane"
"1,2,3-Trimethylbenzene","1,2,3-Trimethylbenzene"
"1,2,4,5-Tetrachlorobenzene","1,2,4,5-Tetrachlorobenzene"
"1,2,4-Trichlorobenzene","1,2,4-Trichlorobenzene"
"1,2,4-Trimethylbenzene","1,2,4-Trimethylbenzene"
"1,2-Dibromo-3-chloropropane","1,2-Dibromo-3-chloropropane"
"1,2-Dibromoethane","1,2-Dibromoethane"
"1,2-Dichlorobenzene","1,2-Dichlorobenzene"
"1,2-Dichloroethane","1,2-Dichloroethane"
"1,2-Dichloroethene","1,2-Dichloroethene"
"1,2-Dichloropropane","1,2-Dichloropropane"
"1,3,5 Trimethylbenzene","1,3,5 Trimethylbenzene"
"1,3,5-Trichlorobenzene","1,3,5-Trichlorobenzene"
"1,3,5-Trimethylbenzene","1,3,5-Trimethylbenzene"
"1,3,5-Trinitrobenzene","1,3,5-Trinitrobenzene"
"1,3-Butadiene","1,3-Butadiene"
"1,3-Dichloro-5,5-dimethylhydantoin","1,3-Dichloro-5,5-dimethylhydantoin"
"1,3-Dichlorobenzene","1,3-Dichlorobenzene"
"1,3-Dichloropropane","1,3-Dichloropropane"
"1,3-Dichloropropene","1,3-Dichloropropene"
"1,3-Dinitrobenzene","1,3-Dinitrobenzene"
"1,4-Dichlorobenzene","1,4-Dichlorobenzene"
"1,4-Dioxane","1,4-Dioxane"
"1,4-Naphthoquinone","1,4-Naphthoquinone"
"1,6-Hexanolactam","1,6-Hexanolactam"
"16-(Thienylmethylene)Androstane-3,17-Diol SVOCS","16-(Thienylmethylene)Androstane-3,17-Diol SVOCS"
1-Butanethiol,1-Butanethiol
1-Chloro-4-nitrobenzene,1-Chloro-4-nitrobenzene
"1-Hexanol, 2 ethyl- (SVOCSW)","1-Hexanol, 2 ethyl- (SVOCSW)"
1-Methoxypropan-2-ol,1-Methoxypropan-2-ol
1-Methoxypropyl Acetate,1-Methoxypropyl Acetate
1-Methyl-2-pyrrolidone,1-Methyl-2-pyrrolidone
1-Methylethylbenzene,1-Methylethylbenzene
1-Methylnaphthalene,1-Methylnaphthalene
1-Methylpropylbenzene,1-Methylpropylbenzene
1-Naphthylamine,1-Naphthylamine
1-Pentene,1-Pentene
1-Propanethiol,1-Propanethiol
2-(2-Butoxyethoxy)ethanol,2-(2-Butoxyethoxy)ethanol
2-(2-Methoxyethoxy)ethanol,2-(2-Methoxyethoxy)ethanol
2(3H)-Benzothiazolone,2(3H)-Benzothiazolone
"2,2 Dichloropropane + 1,2 Dichloroethylene","2,2 Dichloropropane + 1,2 Dichloroethylene"
"2,2'-Dichloro-4,4'-methylenedianiline (MbOCA)","2,2'-Dichloro-4,4'-methylenedianiline (MbOCA)"
"2,2-Dichloropropane","2,2-Dichloropropane"
"2,2-Dipyridyl","2,2-Dipyridyl"
"2,2'-Iminodi(ethylamine)","2,2'-Iminodi(ethylamine)"
"2,2'-Oxydiethanol","2,2'-Oxydiethanol"
"2,3,4,6-Tetrachlorophenol","2,3,4,6-Tetrachlorophenol"
"2,3,4-Trimethylphenol","2,3,4-Trimethylphenol"
"2,3,5-Trimethylphenol","2,3,5-Trimethylphenol"
"2,3,6-TBA","2,3,6-TBA"
"2,3,6-Trimethylphenol","2,3,6-Trimethylphenol"
"2,3-Dichlorophenol","2,3-Dichlorophenol"
"2,3-Dimethylphenol","2,3-Dimethylphenol"
"2,4,5-T","2,4,5-T"
"2,4,5-T (2,4,5-Trichlorophenoxyacetic Acid)","2,4,5-T (2,4,5-Trichlorophenoxyacetic Acid)"
"2,4,5-Trichlorophenol","2,4,5-Trichlorophenol"
"2,4,6-Tribromophenol","2,4,6-Tribromophenol"
"2,4,6-Trichlorophenol","2,4,6-Trichlorophenol"
"2,4,6-Trichlorophenol STLGG4","2,4,6-Trichlorophenol STLGG4"
"2,4,6-Trichlorophenol STLPK2","2,4,6-Trichlorophenol STLPK2"
"2,4,6-Trimethyl phenol","2,4,6-Trimethyl phenol"
"2,4,6-Trinitrotoluene","2,4,6-Trinitrotoluene"
"2,4-D","2,4-D"
"2,4-D ((2,4-Dichlorophenoxy)acetic Acid)","2,4-D ((2,4-Dichlorophenoxy)acetic Acid)"
"2,4-DB (4-(2,4-DichFlorophenoxy)butyric Acid)","2,4-DB (4-(2,4-DichFlorophenoxy)butyric Acid)"
"2,4-DDD","2,4-DDD"
"2,4-DDE","2,4-DDE"
"2,4-DDT","2,4-DDT"
"2,4-Dichlorophenol","2,4-Dichlorophenol"
"2,4-dichlorophenoxy acetic acid","2,4-dichlorophenoxy acetic acid"
"2,4-Dimethylphenol","2,4-Dimethylphenol"
"2,4-Dinitrophenol","2,4-Dinitrophenol"
"2,4-Dinitrotoluene","2,4-Dinitrotoluene"
"2,4-imethylphenol low level","2,4-imethylphenol low level"
"2,5-Dichlorophenol","2,5-Dichlorophenol"
"2,5-Dimethylphenol","2,5-Dimethylphenol"
"2,6-Dichlorophenol","2,6-Dichlorophenol"
"2,6-Dimethylheptan-4-one","2,6-Dimethylheptan-4-one"
"2,6-Dimethylphenol","2,6-Dimethylphenol"
"2,6-Dinitrotoluene","2,6-Dinitrotoluene"
"2,6-Di-tert-butyl-p-cresol","2,6-Di-tert-butyl-p-cresol"
2-Acetylaminofluorene,2-Acetylaminofluorene
2-Aminoethanol,2-Aminoethanol
2-Butoxy ethanol,2-Butoxy ethanol
2-Butoxyethanol,2-Butoxyethanol
2-Butoxyethyl Acetate,2-Butoxyethyl Acetate
2-Chloroacetophenone,2-Chloroacetophenone
2-Chloroaniline,2-Chloroaniline
2-Chloroethanol,2-Chloroethanol
2-Chloronaphthalene,2-Chloronaphthalene
2-Chlorophenol,2-Chlorophenol
2-Chlorotoluene,2-Chlorotoluene
2-Dimethylaminoethanol,2-Dimethylaminoethanol
2-Ethoxyethanol,2-Ethoxyethanol
2-Ethoxyethyl Acetate,2-Ethoxyethyl Acetate
2-Ethylhexyl Chloroformate,2-Ethylhexyl Chloroformate
2-Fluorobiphenyl,2-Fluorobiphenyl
2-Fluorophenol,2-Fluorophenol
2-Furaldehyde (Furfural),2-Furaldehyde (Furfural)
2-Hydroxypropyl Acrylate,2-Hydroxypropyl Acrylate
2-Methoxyethanol,2-Methoxyethanol
2-Methoxyethyl Acetate,2-Methoxyethyl Acetate
2-Methyl Naphthalene,2-Methyl Naphthalene
2-Methyl-2-propanol,2-Methyl-2-propanol
"2-Methyl-4,6-dinitrophenol","2-Methyl-4,6-dinitrophenol"
2-Methylcyclohexanone,2-Methylcyclohexanone
2-Methylnaphthalene,2-Methylnaphthalene
"2-Methylpentane-2,4-diol","2-Methylpentane-2,4-diol"
2-Methylphenol,2-Methylphenol
2-Methylpropan-1-ol,2-Methylpropan-1-ol
2-Methylpropan-2-ol,2-Methylpropan-2-ol
2-Naphthylamine,2-Naphthylamine
2-Nitroaniline,2-Nitroaniline
2-Nitrophenol,2-Nitrophenol
2-Nitropropane,2-Nitropropane
2-Phenylpropene,2-Phenylpropene
2-Picoline,2-Picoline
2-Pyridylamine,2-Pyridylamine
2-sec-Butylphenol,2-sec-Butylphenol
3 and 4-Chlorophenol,3 and 4-Chlorophenol
3 and 4-Methylphenol,3 and 4-Methylphenol
3 x Volume,3 x Volume
"3,3-Dichlorobenzidine","3,3-Dichlorobenzidine"
"3,3-Dimethylbenzidine","3,3-Dimethylbenzidine"
"3,3-Dimethylheptanoic acid","3,3-Dimethylheptanoic acid"
"3,4-Dichlorophenol","3,4-Dichlorophenol"
"3,4-Dihydrobenzo[c]pyran-1 [2H]-ol [SVOCSW]","3,4-Dihydrobenzo[c]pyran-1 [2H]-ol [SVOCSW]"
"3,4-Dimethylphenol","3,4-Dimethylphenol"
"3,5,5-Trimethylcyclohex-2-enone","3,5,5-Trimethylcyclohex-2-enone"
"3,5-Dimethylphenol","3,5-Dimethylphenol"
"3,5-di-tert-Buyl-4-hydroxyphenylpropionic acid [S]","3,5-di-tert-Buyl-4-hydroxyphenylpropionic acid [S]"
"3,6,6-Trimethylnorpinan-2-one[SVOCSW]","3,6,6-Trimethylnorpinan-2-one[SVOCSW]"
3-Chloroaniline,3-Chloroaniline
3-Chlorophenol,3-Chlorophenol
"3-Cyclohexene-1-methanol, .alpha.,.alpha.4- tri","3-Cyclohexene-1-methanol, .alpha.,.alpha.4- tri"
3-Methyl-6-hydroxybenzo[c]-dihydrofuran[SVOCSW],3-Methyl-6-hydroxybenzo[c]-dihydrofuran[SVOCSW]
3-Methylbutan-1-ol,3-Methylbutan-1-ol
3-Methylcholanthrene,3-Methylcholanthrene
3-Methylphenol,3-Methylphenol
3-Nitroaniline,3-Nitroaniline
"4,4'-DDD","4,4'-DDD"
"4,4'-DDE","4,4'-DDE"
"4,4'-DDT","4,4'-DDT"
"4,4-Dipyridyl","4,4-Dipyridyl"
"4,4'-Methylenedianiline (MDA)","4,4'-Methylenedianiline (MDA)"
"4,6-Dinitro-2-methylphenol","4,6-Dinitro-2-methylphenol"
4-Aminobiphenyl,4-Aminobiphenyl
4-Bromofluorobenzene,4-Bromofluorobenzene
4-Bromophenyl phenyl ether,4-Bromophenyl phenyl ether
4-Chloro-3-methylphenol,4-Chloro-3-methylphenol
4-Chloroacetophenone,4-Chloroacetophenone
4-Chloroaniline,4-Chloroaniline
4-chloro-o-tolyloxyacetic acid,4-chloro-o-tolyloxyacetic acid
4-Chlorophenol,4-Chlorophenol
4-Chlorophenyl phenylether,4-Chlorophenyl phenylether
4-Chlorotoluene,4-Chlorotoluene
4-Ethylmorpholine,4-Ethylmorpholine
4-Ethylphenol,4-Ethylphenol
4-Hydroxy-4-methylpentan-2-one,4-Hydroxy-4-methylpentan-2-one
4-Isopropyltoluene,4-Isopropyltoluene
4-Methyl-2-pentanone,4-Methyl-2-pentanone
4-Methylpentan-2-ol,4-Methylpentan-2-ol
4-Methylpentan-2-one,4-Methylpentan-2-one
4-Methylphenol,4-Methylphenol
4-Methylphenol STLGHP,4-Methylphenol STLGHP
4-Methylphenol STLPJK,4-Methylphenol STLPJK
4-Nitroaniline,4-Nitroaniline
4-Nitrophenol,4-Nitrophenol
5-Cyclopropyl-3-nitropyrazole[SVOCSW],5-Cyclopropyl-3-nitropyrazole[SVOCSW]
5-Methylheptan-3-one,5-Methylheptan-3-one
5-Methylhexan-2-one,5-Methylhexan-2-one
"6,6'-Di-tert-butyl-4,4'-thiodi-m-cresol","6,6'-Di-tert-butyl-4,4'-thiodi-m-cresol"
"7,12=Dimethylbenz(a)anthracene","7,12=Dimethylbenz(a)anthracene"
9-Ethyl-9-methylfluorene[SVOCSW],9-Ethyl-9-methylfluorene[SVOCSW]
Abamectin,Abamectin
Acenaphthene,Acenaphthene
Acenaphthylene,Acenaphthylene
Acenaphthylene (PAH),Acenaphthylene (PAH)
Acenaphthylene ESG SVOC,Acenaphthylene ESG SVOC
Acetaldehyde,Acetaldehyde
Acetic acid,Acetic acid
Acetic Anhydride,Acetic Anhydride
Acetone,Acetone
Acetonitrile,Acetonitrile
Acetophenone,Acetophenone
Acetylene,Acetylene
Acrylaldehyde (Acrolein),Acrylaldehyde (Acrolein)
Acrylamide,Acrylamide
Acrylonitrile,Acrylonitrile
Actioned,Actioned
Activated Carbon,Activated Carbon
Adsorbable Organicly bound halogens (AOX),Adsorbable Organicly bound halogens (AOX)
Alachlor,Alachlor
Aldicarb,Aldicarb
Aldrin,Aldrin
Aliphatics <C10-C12,Aliphatics <C10-C12
Aliphatics > EC12-EC35 (aq),Aliphatics > EC12-EC35 (aq)
Aliphatics >C12-C16 (aq),Aliphatics >C12-C16 (aq)
Aliphatics >C16-C21 (aq),Aliphatics >C16-C21 (aq)
Aliphatics >C21-C35 (aq),Aliphatics >C21-C35 (aq)
Aliphatics >C5-C12,Aliphatics >C5-C12
Aliphatics >C5-C6,Aliphatics >C5-C6
Aliphatics >C6-C8,Aliphatics >C6-C8
Aliphatics >C8-C10,Aliphatics >C8-C10
Aliphatics and Aromatics > C5-35 (aq),Aliphatics and Aromatics > C5-35 (aq)
Alkalinity (Total),Alkalinity (Total)
Alkalinity as CaCO3,Alkalinity as CaCO3
Alkalinity as HC03,Alkalinity as HC03
Allyl Alcohol,Allyl Alcohol
Alpha Analysis,Alpha Analysis
Alpha-BHC,Alpha-BHC
alpha-Chlordane,alpha-Chlordane
alpha-Chlorotoluene,alpha-Chlorotoluene
alpha-Endosulphan,alpha-Endosulphan
alpha-Methyl Styrene,alpha-Methyl Styrene
Aluminium,Aluminium
Aluminium Alkyl Compounds,Aluminium Alkyl Compounds
Aluminium Oxides,Aluminium Oxides
"Aluminium Salts, Soluble","Aluminium Salts, Soluble"
"Aluminium, Dissolved","Aluminium, Dissolved"
Ametryn,Ametryn
Ammonia,Ammonia
Ammonia (NH3),Ammonia (NH3)
Ammonia as N,Ammonia as N
Ammoniacal Nitrogen,Ammoniacal Nitrogen
Ammonium,Ammonium
"Ammonium Chloride, Fume","Ammonium Chloride, Fume"
Ammonium Sulphamidate,Ammonium Sulphamidate
Anemometer,Anemometer
Aniline,Aniline
Anions total,Anions total
Anthracene,Anthracene
Anthracene (PAH),Anthracene (PAH)
Anthracene ESG SVOC,Anthracene ESG SVOC
Antimony,Antimony
AOX,AOX
APC Residues,APC Residues
Aromatics > EC10-EC12,Aromatics > EC10-EC12
Aromatics >EC12-EC16 (aq),Aromatics >EC12-EC16 (aq)
Aromatics >EC16-EC21 (aq),Aromatics >EC16-EC21 (aq)
Aromatics >EC21-EC35 (aq),Aromatics >EC21-EC35 (aq)
Aromatics >EC5-EC7,Aromatics >EC5-EC7
Aromatics >EC7-EC8,Aromatics >EC7-EC8
Aromatics >EC8-EC10,Aromatics >EC8-EC10
Aromatics Total > EC12-EC35 (aq),Aromatics Total > EC12-EC35 (aq)
Arsenic,Arsenic
Arsine,Arsine
Asbestos,Asbestos
Asbestos Fibres,Asbestos Fibres
"Asphalt, Petroleum Fumes","Asphalt, Petroleum Fumes"
Atmospheric Pressure,Atmospheric Pressure
Atraton,Atraton
Atrazine,Atrazine
Azamethiphos,Azamethiphos
Azinphos-ethyl,Azinphos-ethyl
Azinphos-methyl,Azinphos-methyl
Azobenzene,Azobenzene
Azodicarbonamide,Azodicarbonamide
Azoxystrobin,Azoxystrobin
Balance,Balance
Barium,Barium
Barium Sulphate,Barium Sulphate
Barometric Pressure,Barometric Pressure
BBP (Butyl Benzyl Phthalate),BBP (Butyl Benzyl Phthalate)
Bentazone,Bentazone
Benzatone,Benzatone
Benzene,Benzene
Benzenebutanoic acid,Benzenebutanoic acid
Benzidine,Benzidine
"Benzo 1,12 perylene (ghi)","Benzo 1,12 perylene (ghi)"
"Benzo 11,12 fluoranthene (k)","Benzo 11,12 fluoranthene (k)"
Benzo(a)anthracene,Benzo(a)anthracene
Benzo(a)pyrene,Benzo(a)pyrene
Benzo(b)fluoranthene,Benzo(b)fluoranthene
Benzo(ghi)perylene,Benzo(ghi)perylene
Benzo(k)fluoranthene,Benzo(k)fluoranthene
Benzo[a]pyrene,Benzo[a]pyrene
Benzo[b]fluoranthene,Benzo[b]fluoranthene
"Benzo[g,h,i]perylene","Benzo[g,h,i]perylene"
Benzo[k]fluoranthene,Benzo[k]fluoranthene
Benzoic Acid,Benzoic Acid
Benzothiazolone,Benzothiazolone
Benzyl alcohol,Benzyl alcohol
Benzyl butyl phthalate,Benzyl butyl phthalate
Benzyl Chloride,Benzyl Chloride
Beryllium,Beryllium
Beta Analysis,Beta Analysis
Bicarbonate,Bicarbonate
Biochemical oxygen demand (BOD5),Biochemical oxygen demand (BOD5)
Biocides,Biocides
Biphenyl,Biphenyl
Bis(2-chloroethoxy)methane,Bis(2-chloroethoxy)methane
Bis(2-chloroethyl) ether,Bis(2-chloroethyl) ether
Bis(2-chloroisopropyl) ether,Bis(2-chloroisopropyl) ether
Bis(2-chloroisopropyl)ether,Bis(2-chloroisopropyl)ether
bis(2-ethylhexyl)phthalate,bis(2-ethylhexyl)phthalate
Bis(chloromethyl) Ether,Bis(chloromethyl) Ether
BOD (Biological Oxygen Demand),BOD (Biological Oxygen Demand)
Bolstar,Bolstar
Booster Pressure,Booster Pressure
Booster Suction,Booster Suction
Borate,Borate
Borehole Base AOD,Borehole Base AOD
Borehole Base Below Ref Point,Borehole Base Below Ref Point
Borehole Base Top of Silt MBRP,Borehole Base Top of Silt MBRP
Borehole Leachate Depth Above Basal Liner,Borehole Leachate Depth Above Basal Liner
Borehole Liquid Level AOD,Borehole Liquid Level AOD
Borehole Liquid Level Below Ref Point,Borehole Liquid Level Below Ref Point
Borehole Metal Casing,Borehole Metal Casing
Borehole Reference Point Above Site Datum,Borehole Reference Point Above Site Datum
Borehole Reference Point AOD,Borehole Reference Point AOD
Borehole Standing Depth of Liquid,Borehole Standing Depth of Liquid
Borehole top of silt,Borehole top of silt
Borehole Volume,Borehole Volume
Bornan-2-one,Bornan-2-one
Boron,Boron
Boron Tribromide,Boron Tribromide
Boscalid,Boscalid
Bottom Ash,Bottom Ash
Bromacil,Bromacil
Bromate,Bromate
Bromate as BrO3,Bromate as BrO3
Bromide,Bromide
Bromine,Bromine
Bromobenzene,Bromobenzene
Bromochloromethane,Bromochloromethane
Bromodichloromethane,Bromodichloromethane
Bromoform,Bromoform
Bromomethane,Bromomethane
Bromoxynil,Bromoxynil
Bromoxynil octanoate,Bromoxynil octanoate
BTEX - Sum of detected,BTEX - Sum of detected
Butan-1-ol,Butan-1-ol
Butan-2-ol,Butan-2-ol
Butan-2-one (Methyl Ethyl Ketone),Butan-2-one (Methyl Ethyl Ketone)
Butane,Butane
Butanes,Butanes
"Butanoic acid, 2-methyl-[SVOCSW]","Butanoic acid, 2-methyl-[SVOCSW]"
Butenes,Butenes
Butyl Acetate,Butyl Acetate
Butyl Benzenesulphonamide,Butyl Benzenesulphonamide
Butyl Lactate,Butyl Lactate
Butylbenzylphthalate,Butylbenzylphthalate
Butyric Acid,Butyric Acid
"Butyric Acid (4-(2,4-dichlorophenoxy)-Butanoic aci","Butyric Acid (4-(2,4-dichlorophenoxy)-Butanoic aci"
C10-C13 Chloroalkanes,C10-C13 Chloroalkanes
C7-C9 Dialkyl Phthalates,C7-C9 Dialkyl Phthalates
Cadmium,Cadmium
Cadmium - Total Unfiltered,Cadmium - Total Unfiltered
Cadmium & thallium and their compounds (total),Cadmium & thallium and their compounds (total)
"Cadmium and its compounds, expressed as cadmium (Total Cd)","Cadmium and its compounds, expressed as cadmium (Total Cd)"
Cadmium Oxide,Cadmium Oxide
Cadmium Sulphide and Cadmium Sulphide Pigments (Respirable Dust) (As Cd),Cadmium Sulphide and Cadmium Sulphide Pigments (Respirable Dust) (As Cd)
Caesium Hydroxide,Caesium Hydroxide
Calcium,Calcium
Calcium - Total Unfiltered,Calcium - Total Unfiltered
Calcium Carbonate,Calcium Carbonate
Calcium Chloride,Calcium Chloride
Calcium Cyanamide,Calcium Cyanamide
Calcium Hardness as CaCO3,Calcium Hardness as CaCO3
Calcium Hydroxide,Calcium Hydroxide
Calcium Oxide,Calcium Oxide
Calcium Silicate,Calcium Silicate
Camphor,Camphor
Captan,Captan
Carbazole,Carbazole
Carbendazim,Carbendazim
Carbetamide,Carbetamide
Carbofuran,Carbofuran
Carbon Black,Carbon Black
Carbon Dioxide,Carbon Dioxide
Carbon Disulphide,Carbon Disulphide
Carbon Monoxide,Carbon Monoxide
Carbon monoxide (CO),Carbon monoxide (CO)
Carbonate,Carbonate
Carbontetrachloride,Carbontetrachloride
Carbonyl Sulphide,Carbonyl Sulphide
Carbophenothion,Carbophenothion
Cations total,Cations total
Cellulose,Cellulose
CH4,Methane
Chemical oxygen demand (COD),Chemical oxygen demand (COD)
Chlopyralid,Chlopyralid
Chlopyrifos,Chlopyrifos
Chloral Hydrate,Chloral Hydrate
Chlorate,Chlorate
Chlordane,Chlordane
Chlordane Gamma,Chlordane Gamma
Chlordane-alpha,Chlordane-alpha
Chlordane-cis,Chlordane-cis
Chlordane-gamma,Chlordane-gamma
Chlordane-trans,Chlordane-trans
Chlorfenvinphos,Chlorfenvinphos
Chloride,Chloride
Chlorine,Chlorine
Chlorine Dioxide,Chlorine Dioxide
Chlorite,Chlorite
Chlormequat,Chlormequat
"Chloro-2, nitrobenzene","Chloro-2, nitrobenzene"
"Chloro-2,4-dinitrobenzene","Chloro-2,4-dinitrobenzene"
"Chloro-3, nitrobenzene","Chloro-3, nitrobenzene"
"Chloro-4, nitrobenzene","Chloro-4, nitrobenzene"
Chloroacetaldehyde,Chloroacetaldehyde
Chlorobenzene,Chlorobenzene
Chlorobenzilate,Chlorobenzilate
Chlorodibromomethane,Chlorodibromomethane
Chlorodifluoromethane,Chlorodifluoromethane
Chloroethane,Chloroethane
Chloroethene,Chloroethene
Chlorofenvinphos,Chlorofenvinphos
Chlorofluoromethane,Chlorofluoromethane
Chloroform,Chloroform
Chloromethane,Chloromethane
Chloronitrotoluenes,Chloronitrotoluenes
Chlorophyll,Chlorophyll
"Chlorophyll, Acetone Extract","Chlorophyll, Acetone Extract"
Chlorosulphonic Acid,Chlorosulphonic Acid
Chlorothalonil,Chlorothalonil
Chlorotoluron,Chlorotoluron
Chlorpropham,Chlorpropham
Chlorpyrifos,Chlorpyrifos
Chlorpyriphos,Chlorpyriphos
Chlorpyriphos Methyl,Chlorpyriphos Methyl
Chlorthalonil,Chlorthalonil
Chlortoluron,Chlortoluron
Chromium,Chromium
Chromium III,Chromium III
Chromium VI (Hexavalent),Chromium VI (Hexavalent)
Chromium(II) Compounds (As Cr),Chromium(II) Compounds (As Cr)
Chromium(III) Compounds (As Cr),Chromium(III) Compounds (As Cr)
Chromium(VI) Compounds (As Cr),Chromium(VI) Compounds (As Cr)
Chrysene,Chrysene
Cis Chlordane,Cis Chlordane
"cis-1,2 dichloroethylene","cis-1,2 dichloroethylene"
"cis-1,2-DCE","cis-1,2-DCE"
"cis-1,2-Dichloroethene","cis-1,2-Dichloroethene"
"cis-1,3-Dichloropropene","cis-1,3-Dichloropropene"
"cis-1,3-Dichloropropene m","cis-1,3-Dichloropropene m"
Cis-Heptachlor Epoxide,Cis-Heptachlor Epoxide
Clock Reading (Leachate),Clock Reading (Leachate)
Clopyralid,Clopyralid
Clostridium perfringens (Including Spores),Clostridium perfringens (Including Spores)
Cloud Cover,Cloud Cover
CO,CO
CO2,CO2
Coal Tars,Coal Tars
Cobalt,Cobalt
COD (Chemical Oxygen Demand),COD (Chemical Oxygen Demand)
Coliform 500 ml Sample,Coliform 500 ml Sample
Coliform Bacteria,Coliform Bacteria
Coliforms - Total,Coliforms - Total
Coliforms Total (liq),Coliforms Total (liq)
Colony Counts,Colony Counts
Colour,Colour
Colouration (After Filtration),Colouration (After Filtration)
Colouration (After Simple Filtration),Colouration (After Simple Filtration)
Conductivity,Conductivity
Conductivity (field),Conductivity (field)
Conductivity @ 20C,Conductivity @ 20C
Conductivity @ 25C,Conductivity @ 25C
Copper,Copper
"Copper - Dissolved, Filtered","Copper - Dissolved, Filtered"
Copper - Total Unfiltered,Copper - Total Unfiltered
Cotton Dust,Cotton Dust
Coumaphos,Coumaphos
cresol p,cresol p
Cresols,Cresols
Cryofluorane,Cryofluorane
Cumene,Cumene
Cyanamide,Cyanamide
Cyanazine,Cyanazine
Cyanide,Cyanide
Cyanogen Chloride,Cyanogen Chloride
Cyclohexane,Cyclohexane
Cyclohexanol,Cyclohexanol
Cyclohexanone,Cyclohexanone
Cyclohexylamine,Cyclohexylamine
Cyfluthrin,Cyfluthrin
Cypermethrin,Cypermethrin
Date Lab Finished,Date Lab Finished
Date Lab Started,Date Lab Started
Date Sample Arrived at Lab,Date Sample Arrived at Lab
DB Pressure,DB Pressure
DB Temperature,DB Temperature
DBP (Dibutyl Phthalate),DBP (Dibutyl Phthalate)
DCHP (Dicyclohexyl Phthalate),DCHP (Dicyclohexyl Phthalate)
"DDD (O,P)","DDD (O,P)"
"DDD (P,P)","DDD (P,P)"
"DDE (O,P)","DDE (O,P)"
"DDE (P,P)","DDE (P,P)"
DDT (Dichlorodiphenyltrichloroethane),DDT (Dichlorodiphenyltrichloroethane)
"DDT (O,P)","DDT (O,P)"
"DDT (P,P)","DDT (P,P)"
DDT Total,DDT Total
DEHP (Di(2-ethylhexyl) Phthalate),DEHP (Di(2-ethylhexyl) Phthalate)
delta-BHC,delta-BHC
Demeton,Demeton
Demeton-O,Demeton-O
Demetons,Demetons
Demeton-S-methyl,Demeton-S-methyl
DEP (Diethyl Phthalate),DEP (Diethyl Phthalate)
Deposited Dust,Deposited Dust
Desmetryne,Desmetryne
Diallate,Diallate
Diallyl Phthalate,Diallyl Phthalate
"Diatomaceous Earth, Natural, Respirable Dust","Diatomaceous Earth, Natural, Respirable Dust"
Diazinon,Diazinon
"Dibenz(a,h)anthracene","Dibenz(a,h)anthracene"
"Dibenz(a,h)anthracene (PAH)","Dibenz(a,h)anthracene (PAH)"
Dibenzofuran,Dibenzofuran
Dibenzothiophene,Dibenzothiophene
Dibenzoyl Peroxide,Dibenzoyl Peroxide
Dibismuth Tritelluride,Dibismuth Tritelluride
Diboron Trioxide,Diboron Trioxide
Dibromo-3-chloropropane,Dibromo-3-chloropropane
Dibromoacetonitrile,Dibromoacetonitrile
Dibromochloromethane,Dibromochloromethane
Dibromofluoromethane,Dibromofluoromethane
Dibromomethane,Dibromomethane
Dibutyl Hydrogen Phosphate,Dibutyl Hydrogen Phosphate
Dibutyl Tin,Dibutyl Tin
Dibutylbis(oxylauroyl)tin,Dibutylbis(oxylauroyl)tin
Dicamba,Dicamba
Dichlobenil,Dichlobenil
Dichlofluanid,Dichlofluanid
Dichloroacetate,Dichloroacetate
Dichloroacetonitrile,Dichloroacetonitrile
Dichloroacetylene,Dichloroacetylene
Dichloroaniline,Dichloroaniline
Dichlorobenzene,Dichlorobenzene
Dichlorobromethane,Dichlorobromethane
Dichlorodifluoromethane,Dichlorodifluoromethane
Dichlorodiphenyldichloroethane,Dichlorodiphenyldichloroethane
Dichlorodiphenyldichloroethylene,Dichlorodiphenyldichloroethylene
Dichlorofluoromethane,Dichlorofluoromethane
Dichloromethane,Dichloromethane
Dichloronitrobenzene,Dichloronitrobenzene
Dichlorophen,Dichlorophen
Dichlorprop,Dichlorprop
Dichlorvos,Dichlorvos
Diclofol,Diclofol
Dicyclopentadiene,Dicyclopentadiene
Dieldrin,Dieldrin
Diethyl Ether,Diethyl Ether
Diethyl Sulphate,Diethyl Sulphate
Diethylamine,Diethylamine
Diethylphthalate,Diethylphthalate
Differential Pressure,Differential Pressure
Diflubenzuron,Diflubenzuron
Dihydrogen Selenide (As Se),Dihydrogen Selenide (As Se)
Diisobutyl Phthalate,Diisobutyl Phthalate
Diisodecyl Phthalate,Diisodecyl Phthalate
Diisononyl Phthalate,Diisononyl Phthalate
Diisooctyl Phthalate,Diisooctyl Phthalate
Diisopropyl Ether,Diisopropyl Ether
Diisopropylamine,Diisopropylamine
Dimethoate,Dimethoate
Dimethoxymethane,Dimethoxymethane
Dimethyl Ether,Dimethyl Ether
Dimethyl Sulphate,Dimethyl Sulphate
Dimethylamine,Dimethylamine
Dimethyldisulphide,Dimethyldisulphide
Dimethylether,Dimethylether
Dimethylethylphenol,Dimethylethylphenol
Dimethylformamide,Dimethylformamide
Dimethylphenols,Dimethylphenols
Dimethylphthalate,Dimethylphthalate
Dimethylsulphide,Dimethylsulphide
Di-n-butyl phthalate,Di-n-butyl phthalate
Dinitrobenzenes,Dinitrobenzenes
Di-n-octyl phthalate,Di-n-octyl phthalate
Dinonyl Phthalate,Dinonyl Phthalate
Dinoseb,Dinoseb
Dioctyl Phthalate,Dioctyl Phthalate
Dioxin-like PCBs (WHO-TEQ  Birds),Dioxin-like PCBs (WHO-TEQ  Birds)
Dioxin-like PCBs (WHO-TEQ  Fish),Dioxin-like PCBs (WHO-TEQ  Fish)
Dioxin-like PCBs (WHO-TEQ Humans / Mammals),Dioxin-like PCBs (WHO-TEQ Humans / Mammals)
Dioxins / furans (I-TEQ),Dioxins / furans (I-TEQ)
Dioxins / furans (WHO-TEQ Birds),Dioxins / furans (WHO-TEQ Birds)
Dioxins / furans (WHO-TEQ Fish),Dioxins / furans (WHO-TEQ Fish)
Dioxins / furans (WHO-TEQ Humans / Mammals),Dioxins / furans (WHO-TEQ Humans / Mammals)
Diphenyl Ether,Diphenyl Ether
Diphenylamine,Diphenylamine
Diphosphorus Pentasulphide,Diphosphorus Pentasulphide
Diphosphorus Pentoxide,Diphosphorus Pentoxide
Dipropyl phthalate,Dipropyl phthalate
Diquat Dibromide,Diquat Dibromide
Discharge Flow Rate,Discharge Flow Rate
Discharge Rate Maximum,Discharge Rate Maximum
Discharge Volume Daily,Discharge Volume Daily
Discharge Volume Monthly,Discharge Volume Monthly
Disodium Disulphite,Disodium Disulphite
Disodium Tetraborate Decahydrate,Disodium Tetraborate Decahydrate
Disodium Tetraborate Pentahydrate,Disodium Tetraborate Pentahydrate
"Disodium Tetraborate, Anhydrous","Disodium Tetraborate, Anhydrous"
Dissolved or Emulsified Hydrocarbons,Dissolved or Emulsified Hydrocarbons
Dissolved Organic Carbon,Dissolved Organic Carbon
Dissolved Oxygen,Dissolved Oxygen
Disulfoton,Disulfoton
Disulphur Dichloride,Disulphur Dichloride
Diuron,Diuron
DMP (Dimethyl Phthalate),DMP (Dimethyl Phthalate)
DO (Dissolved Oxygen),DO (Dissolved Oxygen)
DOPs (Dioctyl Phthalates),DOPs (Dioctyl Phthalates)
Doramectin,Doramectin
DTPA,DTPA
Dust,Dust
Dust Visible (Airborne),Dust Visible (Airborne)
E. Coli (faecal coliforms),E. Coli (faecal coliforms)
E.Coli,E.Coli
EDTA,EDTA
EDTA (Edetic Acid),EDTA (Edetic Acid)
Electrical Conductivity,Electrical Conductivity
Electrical Energy Exported,Electrical Energy Exported
Electrical Energy Imported,Electrical Energy Imported
Electrical Energy Used,Electrical Energy Used
Emery,Emery
Endosulfan,Endosulfan
Endosulfan Sulphate,Endosulfan Sulphate
Endrin,Endrin
Endrin aldehyde,Endrin aldehyde
Endrin Ketone,Endrin Ketone
Enflurane,Enflurane
Entero Viruses,Entero Viruses
Enterococci,Enterococci
Environmental Tobacco Smoke (ETS),Environmental Tobacco Smoke (ETS)
Epichlorohydrin,Epichlorohydrin
Epoxyconazole,Epoxyconazole
Equipment Calibration Due,Equipment Calibration Due
Equipment Last Calibration,Equipment Last Calibration
Equipment Serial No,Equipment Serial No
Equipment Used,Equipment Used
Escherichia coli (E.coli),Escherichia coli (E.coli)
Ethanal,Ethanal
Ethane,Ethane
"Ethane-1,2-diol","Ethane-1,2-diol"
Ethanethiol,Ethanethiol
Ethanol,Ethanol
Ethion,Ethion
Ethoprop,Ethoprop
Ethyl Acetate,Ethyl Acetate
Ethyl Acrylate,Ethyl Acrylate
Ethyl Benzene,Ethyl Benzene
Ethyl butyrate,Ethyl butyrate
Ethyl Chloride,Ethyl Chloride
Ethyl Chloroformate,Ethyl Chloroformate
Ethyl Cyanoacrylate,Ethyl Cyanoacrylate
Ethyl Formate,Ethyl Formate
Ethyl methanesulfonate,Ethyl methanesulfonate
Ethyl methyl Benzenesulphonamide,Ethyl methyl Benzenesulphonamide
Ethylamine,Ethylamine
Ethylbenzene,Ethylbenzene
Ethylene,Ethylene
Ethylene Oxide,Ethylene Oxide
Ethylmethylbenzene,Ethylmethylbenzene
Etrimphos,Etrimphos
Faecal Coliforms,Faecal Coliforms
Faecal Streptococci,Faecal Streptococci
Fenchlorophos,Fenchlorophos
Fenchlorphos,Fenchlorphos
Fenitrothion,Fenitrothion
Fenoprop,Fenoprop
Fenpropimorph,Fenpropimorph
Fensulfothion,Fensulfothion
Fenthion,Fenthion
Ferrous Foundry Particulate,Ferrous Foundry Particulate
Flammable Gas,Flammable Gas
Flare on/off,Flare on/off
Flour Dust,Flour Dust
Flow Rate,Flow Rate
Flucofuron,Flucofuron
Fluoranthene,Fluoranthene
Fluoranthene (PAH),Fluoranthene (PAH)
Fluorene,Fluorene
Fluoride,Fluoride
Fluorine,Fluorine
Fluroxypyr,Fluroxypyr
Flusialzole,Flusialzole
Flusilazole,Flusilazole
Formaldehyde,Formaldehyde
Formaldehyde (HCHO),Formaldehyde (HCHO)
Formamide,Formamide
Formic Acid,Formic Acid
Freon-11,Freon-11
Freon-113,Freon-113
Fuel Oil,Fuel Oil
Furan,Furan
gamma-BHC,gamma-BHC
Gas Analyser Run Time,Gas Analyser Run Time
Gas Flow,Gas Flow
Gas Flow of Flare,Gas Flow of Flare
Gas flow rate peak CH4,Gas flow rate peak CH4
Gas flow rate peak CO2,Gas flow rate peak CO2
Gas Flow Velocity,Gas Flow Velocity
Gas Pressure,Gas Pressure
Gas Screen Value Carbon Dioxide,Gas Screen Value Carbon Dioxide
Gas Screen Value Methane,Gas Screen Value Methane
Gas Temp,Gas Temp
Gas Utilisation,Gas Utilisation
Gasoline Range Organics,Gasoline Range Organics
Gasoline Range Organics C5-C12,Gasoline Range Organics C5-C12
Germane,Germane
Glutaraldehyde,Glutaraldehyde
"Glycerol, Mist","Glycerol, Mist"
Grain Dust,Grain Dust
Graphite,Graphite
GRO Surrogate,GRO Surrogate
Groundwater Level,Groundwater Level
Gypsum,Gypsum
Haloforms Total,Haloforms Total
Halogenated Organic Compounds (total),Halogenated Organic Compounds (total)
Halogenated Solvents,Halogenated Solvents
Halogenoplatinum Compounds (As Pt),Halogenoplatinum Compounds (As Pt)
Halothane,Halothane
Hardness,Hardness
Hardness as CaCO3,Hardness as CaCO3
Hardwood Dust,Hardwood Dust
Hazardous Pollutants screen,Hazardous Pollutants screen
HCH Total,HCH Total
HCH-alpha,HCH-alpha
HCH-beta,HCH-beta
HCH-delta,HCH-delta
HCH-epsilon,HCH-epsilon
HCH-gamma,HCH-gamma
Heavy Metals,Heavy Metals
Helium,Helium
Heptachlor,Heptachlor
Heptachlor Epoxide,Heptachlor Epoxide
Heptachlorepoxide,Heptachlorepoxide
Heptan-2-one,Heptan-2-one
Heptan-3-one,Heptan-3-one
Heptanoic acid,Heptanoic acid
Hexachlorobenzene,Hexachlorobenzene
Hexachlorobutadiene,Hexachlorobutadiene
Hexachlorobutadiene STLPAM,Hexachlorobutadiene STLPAM
Hexachlorobutadiene STLPJZ,Hexachlorobutadiene STLPJZ
Hexachlorocyclohexane,Hexachlorocyclohexane
Hexachlorocyclopentadiene,Hexachlorocyclopentadiene
Hexachloroethane,Hexachloroethane
Hexachloronorbornadiene,Hexachloronorbornadiene
Hexachloropropene,Hexachloropropene
Hexaconazole,Hexaconazole
Hexan-2-one,Hexan-2-one
Hexanes,Hexanes
Hexanoic acid,Hexanoic acid
Hours Run,Hours Run
Hydrazine,Hydrazine
Hydrocarbons,Hydrocarbons
Hydrocarbons - total diesel range organics,Hydrocarbons - total diesel range organics
Hydrocarbons - total minerals range organics,Hydrocarbons - total minerals range organics
Hydrocarbons - total phenol range organics,Hydrocarbons - total phenol range organics
Hydrocarbons - unburned,Hydrocarbons - unburned
Hydrogen,Hydrogen
Hydrogen Bromide,Hydrogen Bromide
Hydrogen chloride,Hydrogen chloride
Hydrogen Chloride (Gas and Aerosol Mists),Hydrogen Chloride (Gas and Aerosol Mists)
Hydrogen Cyanide,Hydrogen Cyanide
Hydrogen fluoride,Hydrogen fluoride
Hydrogen Fluoride (As F),Hydrogen Fluoride (As F)
Hydrogen Ion Content,Hydrogen Ion Content
Hydrogen Peroxide,Hydrogen Peroxide
Hydrogen Sulphide,Hydrogen Sulphide
Hydrogen Sulphide POD,Hydrogen Sulphide POD
Hydroquinone,Hydroquinone
Imazethapyr,Imazethapyr
Indene,Indene
"Indeno(1,2,3 cd)pyrene","Indeno(1,2,3 cd)pyrene"
"Indeno[1,2,3-cd]pyrene","Indeno[1,2,3-cd]pyrene"
Indium and Its Compounds (As In),Indium and Its Compounds (As In)
Iodine,Iodine
Iodoform,Iodoform
Iodomethane,Iodomethane
Ionic Balance,Ionic Balance
Ioxynil,Ioxynil
Iron,Iron
Iron - Total Unfiltered,Iron - Total Unfiltered
"Iron Oxide, Fume (As Fe)","Iron Oxide, Fume (As Fe)"
Iron Salts (As Fe),Iron Salts (As Fe)
Isobutyl Acetate,Isobutyl Acetate
iso-Butyric acid,iso-Butyric acid
iso-Caproic acid,iso-Caproic acid
"Isocyanates, All (As -NCO)","Isocyanates, All (As -NCO)"
Isodrin,Isodrin
Isoflurane,Isoflurane
Isooctyl Alcohol,Isooctyl Alcohol
Isopentane,Isopentane
Isophorone,Isophorone
Isopropyl Acetate,Isopropyl Acetate
Isopropyl Chloroformate,Isopropyl Chloroformate
Isopropylbenzene,Isopropylbenzene
iso-propyltoluene,iso-propyltoluene
Isoproturon,Isoproturon
Isosafrole,Isosafrole
iso-Valeric acid,iso-Valeric acid
Ivermectin,Ivermectin
"Kaolin, Respirable Dust","Kaolin, Respirable Dust"
Kepone,Kepone
Ketene,Ketene
Kresoxym-methyl,Kresoxym-methyl
Lab Job No,Lab Job No
Lab Sample Ref,Lab Sample Ref
Lab Status,Lab Status
Lab Turnaround Total Days,Lab Turnaround Total Days
Laboratory Used,Laboratory Used
Leachate Level,Leachate Level
Lead,Lead
LEL,LEL
Lime,Lime
Limestone,Limestone
Lindane,Lindane
Lindane-delta,Lindane-delta
Linuron,Linuron
Liquefied Petroleum Gas,Liquefied Petroleum Gas
Lithium,Lithium
Lithium Hydride,Lithium Hydride
Lithium Hydroxide,Lithium Hydroxide
"Lithium, Dissolved","Lithium, Dissolved"
Magnesite,Magnesite
Magnesium,Magnesium
Magnesium Hardness as CaCO3,Magnesium Hardness as CaCO3
Magnesium Oxide (As Mg),Magnesium Oxide (As Mg)
Malachite Green,Malachite Green
Malathion,Malathion
Maleic Anhydride,Maleic Anhydride
Mancozeb,Mancozeb
Maneb,Maneb
Manganese,Manganese
Man-Made Vitreous Fibres (MMVF),Man-Made Vitreous Fibres (MMVF)
Marble,Marble
Maximum Daily Flow,Maximum Daily Flow
MCPA,MCPA
MCPA ((4-Chloro-2-methylphenoxy)acetic Acid),MCPA ((4-Chloro-2-methylphenoxy)acetic Acid)
MCPB,MCPB
Mean Daily Flow,Mean Daily Flow
Mecoprop,Mecoprop
Mercaptoacetic Acid,Mercaptoacetic Acid
Mercury,Mercury
Mercury (II) nitrate,Mercury (II) nitrate
Mercury and its compounds,Mercury and its compounds
Mercury and its compounds expressed as Mercury (Total Hg),Mercury and its compounds expressed as Mercury (Total Hg)
Merphos,Merphos
Mesosulfuron-methyl,Mesosulfuron-methyl
Metalaxyl,Metalaxyl
Metaldehyde,Metaldehyde
"Metals Total and Dissolved ( Zn, CU, Cd, Pb, Ni, Hg )","Metals Total and Dissolved ( Zn, CU, Cd, Pb, Ni, Hg )"
Methabenzthiazuron,Methabenzthiazuron
Methacriphos,Methacriphos
Methacrylic Acid,Methacrylic Acid
Methacrylonitrile,Methacrylonitrile
Methanal,Methanal
Methane,Methane
Methane Flux,Methane Flux
Methane Peak,Methane Peak
Methanethiol,Methanethiol
Methanol,Methanol
Methiocarb,Methiocarb
Methoxychlor,Methoxychlor
"Methoxychlor o,p","Methoxychlor o,p"
"Methoxychlor p,p","Methoxychlor p,p"
Methyl Acetate,Methyl Acetate
Methyl Cyanoacrylate,Methyl Cyanoacrylate
Methyl Ethyl Ketone Peroxides (MEKP),Methyl Ethyl Ketone Peroxides (MEKP)
Methyl ethyl phenol,Methyl ethyl phenol
Methyl Methacrylate,Methyl Methacrylate
Methyl tert-Butyl Ether,Methyl tert-Butyl Ether
Methyl tertiary-butyl ether (MTBE),Methyl tertiary-butyl ether (MTBE)
Methylcyclohexanol,Methylcyclohexanol
Methylene Chloride,Methylene Chloride
Methylparathion,Methylparathion
Methylphenols,Methylphenols
Metolachlor,Metolachlor
Mevinphos,Mevinphos
Mica,Mica
Microcystin-LR,Microcystin-LR
Mineral Oil,Mineral Oil
Mineral Oils,Mineral Oils
Mineral Oils and Hydrocarbons,Mineral Oils and Hydrocarbons
MMMF (Machine-Made Mineral Fibre),MMMF (Machine-Made Mineral Fibre)
Molinate,Molinate
Molybdenum,Molybdenum
Monlinuron,Monlinuron
Monobutyl Tin as Cation,Monobutyl Tin as Cation
Monochloramine,Monochloramine
Monochloroacetic Acid,Monochloroacetic Acid
Monuron,Monuron
Morpholine,Morpholine
Mthe,Mthe
"N,N-Dimethylacetamide","N,N-Dimethylacetamide"
"N,N-Dimethylaniline","N,N-Dimethylaniline"
"N,N-Dimethylethylamine","N,N-Dimethylethylamine"
Naled,Naled
Naphthalene,Naphthalene
National Grid Ref,National Grid Ref
n-Butyl Acrylate,n-Butyl Acrylate
n-Butyl Chloroformate,n-Butyl Chloroformate
n-Butylbenzene,n-Butylbenzene
n-Butyric acid,n-Butyric acid
n-Caproic acid,n-Caproic acid
n-Dibutyl phthalate,n-Dibutyl phthalate
Neopentane,Neopentane
Net total annual production,Net total annual production
n-Heptane,n-Heptane
n-Hexane,n-Hexane
Nickel,Nickel
Nicotine,Nicotine
Nitrate,Nitrate
Nitric Acid,Nitric Acid
Nitrite,Nitrite
Nitrobenzene,Nitrobenzene
Nitrogen,Nitrogen
Nitrogen Dioxide,Nitrogen Dioxide
Nitrogen Oxides,Nitrogen Oxides
Nitromethane,Nitromethane
Nitrous Oxide,Nitrous Oxide
Nitrous oxide (N2O),Nitrous oxide (N2O)
N-Methylaniline,N-Methylaniline
NMVOCs,NMVOCs
n-Nitrosodiethylamine,n-Nitrosodiethylamine
n-Nitrosodimethylamine,n-Nitrosodimethylamine
n-Nitroso-di-N-butylamine,n-Nitroso-di-N-butylamine
n-Nitroso-di-n-propylamine,n-Nitroso-di-n-propylamine
n-Nitrosodiphenylamine,n-Nitrosodiphenylamine
n-Nitrosomethylethylamine,n-Nitrosomethylethylamine
n-Nitrosopiperidine,n-Nitrosopiperidine
n-Nitrosopyrrolidine,n-Nitrosopyrrolidine
Nonylphenol,Nonylphenol
Nonylphenol ethoxylate,Nonylphenol ethoxylate
Nonylphenols,Nonylphenols
NOX,mono-nitrogen oxides NO and NO ₂
n-Propyl Acetate,n-Propyl Acetate
n-Propylbenzene,n-Propylbenzene
NTA (Nitrilotriacetic Acid),NTA (Nitrilotriacetic Acid)
n-Valeric acid,n-Valeric acid
O2,Oxygen
o-Acetylsalicyclic Acid,o-Acetylsalicyclic Acid
o-Chlorotoluene,o-Chlorotoluene
Octylphenol,Octylphenol
Octylphenols,Octylphenols
Odour,Odour
Odour Description,Odour Description
Odour Extent,Odour Extent
Odour Intensity,Odour Intensity
Oil and Grease,Oil and Grease
Oil and Grease (Visual),Oil and Grease (Visual)
Oil and Grease Saponifiable,Oil and Grease Saponifiable
Oil and Grease Unsaponifiable,Oil and Grease Unsaponifiable
Oil/Grease,Oil/Grease
Omethoate,Omethoate
Organochlorine Pesticides,Organochlorine Pesticides
Organohalogens,Organohalogens
Organophosphorous compounds,Organophosphorous compounds
Organophosphorus Compounds,Organophosphorus Compounds
Organotin compounds,Organotin compounds
Orthophosphate,Orthophosphate
Orthophosphoric Acid,Orthophosphoric Acid
Osmium Tetraoxide (As Os),Osmium Tetraoxide (As Os)
Other Energy Produced,Other Energy Produced
Other inputs of water/moisture,Other inputs of water/moisture
Other Solid Residues,Other Solid Residues
o-Toluidene,o-Toluidene
o-toluidine,o-toluidine
Oxalic Acid,Oxalic Acid
Oxides of Nitrogen (NO and NO2 expressed as NO2),Oxides of Nitrogen (NO and NO2 expressed as NO2)
Oxidisability,Oxidisability
Oxydemeton-methyl,Oxydemeton-methyl
Oxygen,Oxygen
Ozone,Ozone
"p,p-DDT (1,1,1-Trichloro-2,2-bis(4-chlorophenyl)ethane)","p,p-DDT (1,1,1-Trichloro-2,2-bis(4-chlorophenyl)ethane)"
PAHs (Polycyclic Aromatic Hydrocarbons),PAHs (Polycyclic Aromatic Hydrocarbons)
"Paracetamol, Inhalable Dust","Paracetamol, Inhalable Dust"
"Paraffin Wax, Fume","Paraffin Wax, Fume"
p-Aramid Respirable Fibres,p-Aramid Respirable Fibres
"Paraquat Dichloride, Respirable Dust","Paraquat Dichloride, Respirable Dust"
Parathion,Parathion
Parathion-ethyl,Parathion-ethyl
Parathion-methyl,Parathion-methyl
Particles,Particles
Particles (PM10),Particles (PM10)
Particulates,Particulates
Particulates (PM10),Particulates (PM10)
PCB101,PCB101
PCB118,PCB118
PCB123,PCB123
PCB138,PCB138
PCB153,PCB153
PCB180,PCB180
PCB28,PCB28
PCB52,PCB52
PCBs (Polychlorinated Biphenyls),PCBs (Polychlorinated Biphenyls)
PCDDs and PCDFs (Polychlorinated Dibenzodioxins and Dibenzofurans),PCDDs and PCDFs (Polychlorinated Dibenzodioxins and Dibenzofurans)
p-Chloroaniline,p-Chloroaniline
p-Chlorotoluene,p-Chlorotoluene
PCSDs,PCSDs
p-Dimethylaminoazobenzene,p-Dimethylaminoazobenzene
Pendimethalin,Pendimethalin
penta-BDPE (Pentabromodiphenyl Ether),penta-BDPE (Pentabromodiphenyl Ether)
Pentacarbonyliron (As Fe),Pentacarbonyliron (As Fe)
Pentachlorobenzene,Pentachlorobenzene
Pentachloroethane,Pentachloroethane
Pentachloronitrobenzene,Pentachloronitrobenzene
Pentachlorophenol,Pentachlorophenol
Pentachlorophenol (PCP),Pentachlorophenol (PCP)
Pentaerythritol,Pentaerythritol
Pentan-2-one,Pentan-2-one
Pentan-3-one,Pentan-3-one
Pentane,Pentane
Pentanes,Pentanes
Pentyl Acetates (All Isomers),Pentyl Acetates (All Isomers)
Perfluorooctane Acid,Perfluorooctane Acid
Perfluorooctane Sulphonate,Perfluorooctane Sulphonate
Permanganate value,Permanganate value
Permethrin,Permethrin
Personnel,Personnel
Pesticides - Total,Pesticides - Total
"Pesticides (Other Than Aldrin, Dieldrin, Heptachlor, Heptachlor Epoxide)","Pesticides (Other Than Aldrin, Dieldrin, Heptachlor, Heptachlor Epoxide)"
Petroleum Hydrocarbons,Petroleum Hydrocarbons
pH,pH
Phenanthrene,Phenanthrene
Phenanthrene ESG SVOC,Phenanthrene ESG SVOC
Phenol,Phenol
Phenolic Compounds,Phenolic Compounds
Phenols,Phenols
Phenols (Phenol Index) Paranitraniline 4-Aminoantipyrene,Phenols (Phenol Index) Paranitraniline 4-Aminoantipyrene
Phenols Monohydric,Phenols Monohydric
Phenylamine,Phenylamine
Phorate,Phorate
Phosalone,Phosalone
Phosfamidon,Phosfamidon
Phosgene,Phosgene
Phosphates,Phosphates
Phosphine,Phosphine
Phosphorus,Phosphorus
Phosphorus Pentachloride,Phosphorus Pentachloride
Phosphorus Trichloride,Phosphorus Trichloride
"Phosphorus, soluble reactive","Phosphorus, soluble reactive"
"Phosphorus, Total Inorganic","Phosphorus, Total Inorganic"
Phosphoryl Trichloride,Phosphoryl Trichloride
Phthalic Anhydride,Phthalic Anhydride
Picloram,Picloram
Picric Acid,Picric Acid
Piperazine,Piperazine
Piperazine Dihydrochloride,Piperazine Dihydrochloride
Piperidine,Piperidine
Pirimicarb,Pirimicarb
Pirimiphos-ethyl,Pirimiphos-ethyl
Pirimiphos-methyl,Pirimiphos-methyl
p-isopropyltoluene,p-isopropyltoluene
Plaster of Paris,Plaster of Paris
Plate Count 22C,Plate Count 22C
Plate Count 37C,Plate Count 37C
Platinum,Platinum
"Platinum Compounds, Soluble (As Pt)","Platinum Compounds, Soluble (As Pt)"
PM10 24hra,PM10 24hra
PM10 in Air,PM10 in Air
PM2.5 24hra,PM2.5 24hra
Poisonous substances,Poisonous substances
Polyvinyl Chloride,Polyvinyl Chloride
Portland Cement,Portland Cement
Potassium,Potassium
Potassium Hydroxide,Potassium Hydroxide
Power Generated,Power Generated
p-Phenylenediamine,p-Phenylenediamine
Precipitation,Precipitation
Pressure,Pressure
Presumptive Clostridia,Presumptive Clostridia
Presumptive F.Coli,Presumptive F.Coli
Presumptive T.Coli,Presumptive T.Coli
PresumptiveEnterococci,PresumptiveEnterococci
Prochloraz,Prochloraz
Prometon,Prometon
Prometryne,Prometryne
Pronamide,Pronamide
Prop-2-yn-1-ol,Prop-2-yn-1-ol
Propan-1-ol,Propan-1-ol
Propan-2-ol,Propan-2-ol
Propane,Propane
"Propane-1,2-diol","Propane-1,2-diol"
Propanil,Propanil
Propazine,Propazine
Propetamphos,Propetamphos
Propionic Acid,Propionic Acid
Propoxur,Propoxur
Propranolol,Propranolol
Propylbenzene,Propylbenzene
Propylene,Propylene
Propylene Oxide,Propylene Oxide
Propyzamide,Propyzamide
Pseudomonas aeruginosa,Pseudomonas aeruginosa
p-Toluenesulphonyl Chloride,p-Toluenesulphonyl Chloride
Pulse Count,Pulse Count
Pulverised Fuel Ash,Pulverised Fuel Ash
Pump count value,Pump count value
Pump Valve position On/Off,Pump Valve position On/Off
Purge Volume,Purge Volume
Purged Water Volume,Purged Water Volume
Pyrene,Pyrene
Pyrethrum,Pyrethrum
Pyridine,Pyridine
Pyriproxyfen,Pyriproxyfen
Pyrocatechol,Pyrocatechol
Quantity Waste Incinerated,Quantity Waste Incinerated
Radon,Radon
Rapidly settleable solids,Rapidly settleable solids
Reason for not sampling,Reason for not sampling
Redox Potential,Redox Potential
Refractory Ceramic Fibres and Special Purpose Fibres,Refractory Ceramic Fibres and Special Purpose Fibres
Relative Pressure,Relative Pressure
Residual Organic Carbon,Residual Organic Carbon
Resorcinol,Resorcinol
Response Zone,Response Zone
Retention Time,Retention Time
Rhodium (As Rh),Rhodium (As Rh)
Rising/Falling,Rising/Falling
Ronnel,Ronnel
Rosin-Based Solder Flux Fume,Rosin-Based Solder Flux Fume
Rotenone,Rotenone
Rouge,Rouge
Rubber Fume,Rubber Fume
Rubber Process Dust,Rubber Process Dust
Safrole,Safrole
Salinity,Salinity
Salmonella,Salmonella
Sample Method,Sample Method
Sample Ref No,Sample Ref No
Sampler Name,Sampler Name
Saturation Depth,Saturation Depth
Saxitoxin,Saxitoxin
"Sb, As, Pb, Cr, Co, Cu, Mn, Ni and V and their compounds (total)","Sb, As, Pb, Cr, Co, Cu, Mn, Ni and V and their compounds (total)"
Secbumeton,Secbumeton
sec-Butyl Acetate,sec-Butyl Acetate
sec-Butylbenzene,sec-Butylbenzene
Selenium,Selenium
Settleable solids,Settleable solids
Silane,Silane
Silica as SiO2,Silica as SiO2
"Silica, Amorphous","Silica, Amorphous"
"Silica, Fused Respirable Dust","Silica, Fused Respirable Dust"
"Silica, Respirable Crystalline","Silica, Respirable Crystalline"
Silicon,Silicon
Silicon (Organic Compounds of),Silicon (Organic Compounds of)
Silicon Carbide (Not Whiskers),Silicon Carbide (Not Whiskers)
Silver,Silver
"Silver Compounds, Soluble (As Ag)","Silver Compounds, Soluble (As Ag)"
Simazine,Simazine
Site Weather Conditions,Site Weather Conditions
Sodium,Sodium
"Sodium 2-(2,4-Dichlorophenoxy)ethyl Sulphate","Sodium 2-(2,4-Dichlorophenoxy)ethyl Sulphate"
Sodium Azide,Sodium Azide
Sodium Hydrogen Sulphite,Sodium Hydrogen Sulphite
Sodium Hydroxide,Sodium Hydroxide
Softwood Dust,Softwood Dust
"Solids, Ashed STL008","Solids, Ashed STL008"
Solvent Extractable Matter,Solvent Extractable Matter
Solvents Aromatic total,Solvents Aromatic total
SOX,sulphur oxides
Specific individual poly-cyclic aromatic hydrocarbons (PAHs),Specific individual poly-cyclic aromatic hydrocarbons (PAHs)
Stack gas pressure,Stack gas pressure
Stack gas temperature,Stack gas temperature
Starch,Starch
Stirofos,Stirofos
Strontium,Strontium
"Strontium, Filtered","Strontium, Filtered"
Styrene,Styrene
Substances Affecting the Taste of the Shellfish,Substances Affecting the Taste of the Shellfish
Substances Extractable with Chloroform,Substances Extractable with Chloroform
"Substances Possessing Carcinogenic, Mutagenic or Teratogenic Properties in or via the Aquatic Environment","Substances Possessing Carcinogenic, Mutagenic or Teratogenic Properties in or via the Aquatic Environment"
Subtilisins,Subtilisins
Sucrose,Sucrose
Sulcofuron,Sulcofuron
Sulfotep,Sulfotep
Sulphate,Sulphate
Sulphide,Sulphide
Sulphite-reducing Clostridia,Sulphite-reducing Clostridia
Sulphur,Sulphur
Sulphur dioxide,Sulphur dioxide
Sulphur Hexafluoride,Sulphur Hexafluoride
Sulphuryl Difluoride,Sulphuryl Difluoride
Surface-Active Substances Reacting with Methylene Blue (Lauryl Sulphate),Surface-Active Substances Reacting with Methylene Blue (Lauryl Sulphate)
Suspended Solids,Suspended Solids
SVOC,SVOC
SVOC TICS,SVOC TICS
SVOCs,SVOCs
Symetryn,Symetryn
"Talc, Respirable Dust","Talc, Respirable Dust"
Tantalum,Tantalum
Tarry Residues and Floating Materials,Tarry Residues and Floating Materials
Taste,Taste
"TDE (O,P)","TDE (O,P)"
"TDE (P,P)","TDE (P,P)"
Tebuconazole,Tebuconazole
Tecnazene,Tecnazene
Tedlar Bag Details,Tedlar Bag Details
Tellurium,Tellurium
Temp,Temperature
Temperature,Temperature
Terbuthylazine,Terbuthylazine
Terbutryn,Terbutryn
Terphenyl-d14,Terphenyl-d14
Terphenyls,Terphenyls
Terpin monohydrate,Terpin monohydrate
tert-Amyl methyl ether,tert-Amyl methyl ether
tert-Butyl Acetate,tert-Butyl Acetate
tert-Butylbenzene,tert-Butylbenzene
tert-Butylmethylether,tert-Butylmethylether
tert-Butylphenol,tert-Butylphenol
Tetra and Trichloroethene,Tetra and Trichloroethene
Tetrabutyl tin,Tetrabutyl tin
Tetracarbonylnickel (As Ni),Tetracarbonylnickel (As Ni)
Tetrachlorobenzene,Tetrachlorobenzene
Tetrachloroethane,Tetrachloroethane
Tetrachloroethene,Tetrachloroethene
Tetrachloroethene (Perchloroethene),Tetrachloroethene (Perchloroethene)
Tetrachloroethylene,Tetrachloroethylene
Tetrachloromethane,Tetrachloromethane
Tetrachloromethane (Carbon Tetrachloride),Tetrachloromethane (Carbon Tetrachloride)
Tetradecanoic acid,Tetradecanoic acid
Tetrahydrofuran,Tetrahydrofuran
Tetrasodium Pyrophosphate,Tetrasodium Pyrophosphate
Thallium,Thallium
Thiabendazole,Thiabendazole
Thiocyanate,Thiocyanate
Thionyl Chloride,Thionyl Chloride
Time Sample Ended,Time Sample Ended
Time Sample Started,Time Sample Started
Tin,Tin
"Tin Compounds, Inorganic","Tin Compounds, Inorganic"
Titanium,Titanium
Titanium Dioxide,Titanium Dioxide
TOC (Total Organic Carbon),TOC (Total Organic Carbon)
Tokuthion,Tokuthion
Tolex,Tolex
Toluene,Toluene
Toluene Extractable Matter,Toluene Extractable Matter
Total Acidity,Total Acidity
Total Chlorinated Hydrocarbons,Total Chlorinated Hydrocarbons
Total daily volume of discharge,Total daily volume of discharge
Total Indicative Dose (for Radioactivity),Total Indicative Dose (for Radioactivity)
Total Inhalable Dust,Total Inhalable Dust
Total Nitrogen,Total Nitrogen
Total Organic Carbon (TOC),Total Organic Carbon (TOC)
Total Oxidised Nitrogen (TON),Total Oxidised Nitrogen (TON)
Total Pesticides,Total Pesticides
Total Petroleum Hydrocarbons,Total Petroleum Hydrocarbons
Total phosphorus,Total phosphorus
Total suspended solids (TSS),Total suspended solids (TSS)
Total suspended solids (TSS) Spot sample,Total suspended solids (TSS) Spot sample
Total Volatile Substances (TVS),Total Volatile Substances (TVS)
TPH,TPH
TPH Aliphatics,TPH Aliphatics
TPH Aqueous Phase,TPH Aqueous Phase
TPH Aromatics,TPH Aromatics
TPH C10-C12,TPH C10-C12
TPH C10-C16,TPH C10-C16
TPH C10-C20,TPH C10-C20
TPH C10-C21,TPH C10-C21
TPH C10-C39,TPH C10-C39
TPH C10-C40,TPH C10-C40
TPH C11-C12,TPH C11-C12
TPH C12-C16,TPH C12-C16
TPH C16-C21,TPH C16-C21
TPH C16-C24,TPH C16-C24
TPH C20-C40,TPH C20-C40
TPH C21-C35,TPH C21-C35
TPH C21-C40,TPH C21-C40
TPH C24-C40,TPH C24-C40
TPH C35-C39,TPH C35-C39
TPH C5-C10,TPH C5-C10
TPH C5-C35,TPH C5-C35
TPH C6-C10,TPH C6-C10
TPH C6-C40,TPH C6-C40
TPH C6-C8,TPH C6-C8
TPH C8-C10,TPH C8-C10
TPH C8-C40,TPH C8-C40
TPH C9-C40,TPH C9-C40
TPH GC,TPH GC
Trans Chlordane,Trans Chlordane
"trans-1,2-Dichloroethane","trans-1,2-Dichloroethane"
"trans-1,2-Dichloroethene","trans-1,2-Dichloroethene"
"trans-1,3-Dichloropropene","trans-1,3-Dichloropropene"
Transparency,Transparency
Triadimefon,Triadimefon
Triallate,Triallate
Triazophos,Triazophos
Tribromomethane,Tribromomethane
Tributlytin oxide (TBTO),Tributlytin oxide (TBTO)
Tributyl Phosphate,Tributyl Phosphate
Tributyltin,Tributyltin
Tributyltin Compounds,Tributyltin Compounds
Trichlorfon,Trichlorfon
Trichlorinate,Trichlorinate
Trichloro-2(2chlorophenyl)2ethane opDDT,Trichloro-2(2chlorophenyl)2ethane opDDT
Trichloroacetate,Trichloroacetate
Trichlorobenzene,Trichlorobenzene
Trichlorobenzene (total),Trichlorobenzene (total)
Trichloroethane,Trichloroethane
Trichloroethene,Trichloroethene
Trichloroethene (Trichloroethylene),Trichloroethene (Trichloroethylene)
Trichloroethylene,Trichloroethylene
Trichlorofluoromethane,Trichlorofluoromethane
Trichloronitromethane,Trichloronitromethane
Triclorpyr,Triclorpyr
Trietazine,Trietazine
Triethylamine,Triethylamine
Trifluralin,Trifluralin
Triglycidyl Isocyanurate (TGIC),Triglycidyl Isocyanurate (TGIC)
Trihalomethanes,Trihalomethanes
Trihalomethanes (total),Trihalomethanes (total)
Trimellitic Anhydride,Trimellitic Anhydride
Trimethyl ester phosphoric acid,Trimethyl ester phosphoric acid
Trimethyl hexanoic acid,Trimethyl hexanoic acid
Trimethyl Phosphite,Trimethyl Phosphite
Trimethylbenzenes,Trimethylbenzenes
Trimethyl-benzenesulphonamide,Trimethyl-benzenesulphonamide
Trimethylphenols,Trimethylphenols
Tri-o-tolyl Phosphate,Tri-o-tolyl Phosphate
Triphenyl Phosphate,Triphenyl Phosphate
Triphenyltin,Triphenyltin
Triphenyltin and Its Derivatives,Triphenyltin and Its Derivatives
Triphenyltin oxide (TPTO),Triphenyltin oxide (TPTO)
Tritium,Tritium
Tungsten and Its Compounds (As W),Tungsten and Its Compounds (As W)
Turbidity,Turbidity
Turpentine,Turpentine
TVA,TVA
Type,Type
Unidentified Peak,Unidentified Peak
Uranium,Uranium
Urea,Urea
Valeric acid,Valeric acid
Valve Opened,Valve Opened
Valve Position,Valve Position
Valve Turn Position After,Valve Turn Position After
Valve Turn Position Before,Valve Turn Position Before
Vanadium,Vanadium
Vanadium Pentoxide,Vanadium Pentoxide
Vinyl Chloride,Vinyl Chloride
Visual Inspection (insitu),Visual Inspection (insitu)
VOC with TICs,VOC with TICs
VOCs,VOCs
Volatile Acid Total,Volatile Acid Total
Volatile Fatty Acids C1-C6,Volatile Fatty Acids C1-C6
Volatile organic Compounds (VOCs) (as carbon),Volatile organic Compounds (VOCs) (as carbon)
Volume,Volume
Waste/raw material inputs,Waste/raw material inputs
Waste/raw material outputs,Waste/raw material outputs
Water inputs to the Mill,Water inputs to the Mill
Water outputs,Water outputs
Water used in manufacturing,Water used in manufacturing
Water vapour,Water vapour
Wind Direction,Wind Direction
Wind Speed,Wind Speed
Wool Process Dust,Wool Process Dust
Xylenes,Xylenes
Xylenols,Xylenols
Yttrium,Yttrium
Zinc,Zinc
"Zinc Chloride, Fume","Zinc Chloride, Fume"
Zinc Distearate,Zinc Distearate
Zirconium Compounds (As Zr) Bottom of Form,Zirconium Compounds (As Zr) Bottom of Form
