name, sector
Landfill Leachate Monitoring,Landfill
Emissions to Surface Water,Landfill
Emissions to Groundwater,Landfill
Methane Capped Surfaces,Landfill
Landfill Gas Borehole,Landfill
Landfill Gas Engine,Landfill
Landfill Gas Flare,Landfill
Emissions to Sewer,Landfill
Ambient air quality,Landfill
Air point source emissions return,
Tankered Emissions,Landfill
Landfill Annual monitoring report,Landfill
IED Combustion CEMS,Combustion
Combustion LCP (Unit) Annual Report,Combustion
Combustion REM (Installation),Combustion
Pollution Inventory Substance,PI
Pollution Inventory Waste,PI