permit,long_name
AP3238GH,AP3238GH - Winsford Rock Salt Mine
AP3533LF,AP3533LF - Judkins Landfill Phase 3
AP3638SX,AP3638SX - Alne Brickworks Landfill Site
BJ6003IF,BJ6003IF - NEW ALBION LANDFILL SITE
BJ7824IK,BJ7824IK - PATH HEAD LANDFILL SITE
BJ8952IH,"BJ8952IH - Rye Loaf Hill Landfill, Bingley"
BJ9339IF,BJ9339IF - Skelton Grange Landfill Site
BK0418IS,BK0418IS - PARKGATE FARM WASTE MANAGEMENT FACILITY
BK0507IB,BK0507IB - HAREWOOD WHIN LANDFILL
BK1244IA,BK1244IA - Fairoak Landfill Site
BK1449IK,BK1449IK - COTESBACH LANDFILL
BK2348IU,BK2348IU - CLIFTON MARSH LANDFILL SITE
BK3166IP,BK3166IP - Frampton Landfill Site
BK5037IQ,BK5037IQ - WATERBEACH WASTE MANAGEMENT FACILITY
BK6572IM,BK6572IM - PRIDE PARK SECOND WASTE REPOSITORY
BK6785IE,BK6785IE - WALPOLE LANDFILL
BK6858ID,BK6858ID - SANDS FARM LANDFILL
BL4940IU,BL4940IU - HAZEL LANE QUARRY AND LANDFILL
BL9500IJ,BL9500IJ - Whinney Hill (Phase 2) Landfill Site
BL9518IE,BL9518IE - Jameson Road (Phase 2) Landfill Site
BM4635IH,BM4635IH - BLETCHLEY LANDFILL SITE
BM5941IH,BM5941IH - FLUSCO PIKE LANDFILL SITE
BM6026IB,BM6026IB - HESPIN WOOD LANDFILL SITE
BM6093IS,BM6093IS - Bennett Bank Landfill
BP3032SG,BP3032SG - Aldeby Landfill
BP3234LK,BP3234LK - Ling Hall Landfill Gas Utilisation
BP3235SW,BP3235SW - Finmere Quarry Landfill
BP3238LV,BP3238LV - Connon Bridge GUP
BP3436VS,BP3436VS - Poplars PFA Landfill Site
BP3537PP,BP3537PP - Eye North Eastern Landfill
BP3633LN,BP3633LN - RANDLE LANDFILL SITE
BP3635SB,"BP3635SB - Holmes Farm Landfill, Blackburn Meadows"
BP3638LP,BP3638LP - Chelson Meadow Landfill Site GUP
BR4713IV,BR4713IV - Shortwood Quarry Landfill Site
BR9677IT,BR9677IT - WALLEYS QUARRY
BS3263IC,BS3263IC - Salt Ayre Leachate Treatment Plant
BS6939IN,BS6939IN - Thurcroft Landfill
BS7340IH,BS7340IH - CLIFTON HALL LANDFILL SITE
BS7668IH,BS7668IH - Arpley Landfill
BS7722ID,BS7722ID - MAW GREEN LANDFILL SITE
BS7951IB,BS7951IB - PILSWORTH SOUTH LANDFILL
BS9989IJ,BS9989IJ - CAMPWOOD LANDFILL SITE
BT7272IW,BT7272IW - Yanley Landfill
BU0834IP,BU0834IP - EDWIN RICHARDS LANDFILL SITE
BU2373IA,BU2373IA - STAVELEY LANDFILL
BU2381IE,BU2381IE - Ling Hall Landfill
BU3671IY,BU3671IY - WINGMOOR FARM
BU5208IJ,BU5208IJ - BLUE HAZE LANDFILL
BU5801ID,BU5801ID - Lower Compton Landfill
BU5992IT,BU5992IT - Barnsley Lane Landfill Site
BU6000IL,BU6000IL - BEACON HILL
BU6018ID,BU6018ID - PURTON LANDFILL SITE
BU7090IZ,BU7090IZ - Alkerton Landfill Site
BU7103IC,BU7103IC - GRANVILLE/WOODHOUSE LANDFILL SITE
BU7901IP,BU7901IP - COLNBROOK LANDFILL
BU8045IR,BU8045IR - HOUGHTON-LE-SPRING LANDFILL SITE
BU8126IY,BU8126IY - Redhill Landfill (North East Quadrant)
BU9068IM,BU9068IM - PILSWORTH NORTH LANDFILL SITE
BU9084IJ,BU9084IJ - CANDLES LANDFILL
BU9726IH,BU9726IH - PECKFIELD LANDFILL
BU9947IA,BU9947IA - New Crosby Landfill Site
BV0627IL,BV0627IL - CONESBY QUARRY PHASE III
BV1046IV,BV1046IV - Sidegate Lane Landfill
BV1364ID,BV1364ID - CLAYTON HALL LANDFILL SITE
BV1372IW,BV1372IW - LORD ST HELENS LANDFILL SITE
BV1399IT,BV1399IT - Port Clarence landfill Site (Haz)
BV1402IC,BV1402IC - Port Clarence Non-Hazardous
BV1437IB,BV1437IB - COLSTERWORTH LANDFILL SITE
BV1453IR,BV1453IR - GRANGE TOP QUARRY LANDFILL
BV1461IV,BV1461IV - BARRINGTON WORKS LANDFILL
BV1470IE,BV1470IE - SKELBROOKE LANDFILL SITE
BV1593IB,BV1593IB - EARDSWICK HALL LANDFILL SITE
BV1763IS,BV1763IS - South Ferriby Works Landfill
BV1844IM,BV1844IM - GOWY LANDFILL SITE
BV1917IT,BV1917IT - ICI NO 3 TEESPORT
BV1984IH,BV1984IH - ICI NO 2 TEESPORT
BV2204IZ,BV2204IZ - Lean Quarry Landfill Site
BV2263IW,BV2263IW - Redhill Landfill (South West Area)
BV2999IJ,BV2999IJ - Vigo Utopia Landfill Site
BV3740ID,BV3740ID - Dogsthorpe Landfill Site
BV3766IH,BV3766IH - BROGBOROUGH LANDFILL
BV3782IM,BV3782IM - MUCKING LANDFILL
BV4410IC,BV4410IC - MIDDLEMARSH LANDFILL
BV4428IU,BV4428IU - BOOTHAM LANE LANDFILL
BV4444IQ,BV4444IQ - DORKET HEAD LANDFILL
BV4452ID,BV4452ID - Bilsthorpe Landfill Site
BV4495IX,BV4495IX - ATTLEBRIDGE LANDFILL
BV4509IG,BV4509IG - WANGFORD LANDFILL
BV4517IM,BV4517IM - MASONS LANDFILL
BV4525IB,BV4525IB - WELDON LANDFILL SITE
BV4541IR,BV4541IR - MINWORTH LANDFILL
BV4576IK,BV4576IK - Stewartby Landfill Site
BV4584IU,BV4584IU - MILTON LANDFILL
BV4592IS,BV4592IS - March Landfill Site
BV4967IW,BV4967IW - MEECE LANDFILL 1
BV4975IN,BV4975IN - Wilnecote Landfill
BV5165IJ,BV5165IJ - Arlesey Landfill Site
BV6994IV,BV6994IV - DEEPMOOR LANDFILL
BV7028IP,BV7028IP - Heathfield Landfill
BV7168IX,BV7168IX - Pound Bottom Landfill Site
BV7214IR,BV7214IR - Dix Pit Landfill Site
BV7222IV,BV7222IV - Hurst Landfill Site
BV7265IS,BV7265IS - Himley Quarry Landfill Site
BV7877IR,BV7877IR - RISLEY LANDFILL SITE
BV7907IN,BV7907IN - Rigby Landfill
BV8725IT,BV8725IT - DISTINGTON LANDFILL SITE
BV8741IL,BV8741IL - HARWOOD QUARRY LANDFILL SITE
BV9756IE,BV9756IE - BAE SYSTEMS LANDFILL
BW0037IA,BW0037IA - Bubbenhall Landfill Site
BW0096IJ,BW0096IJ - Meece II Landfill Site
BW0231IH,BW0231IH - Southfield Wood Landfill Site
BW0240IT,BW0240IT - Hermitage Landfill
BW0509IU,BW0509IU - Bradgate Landfill Site
BW0533ID,BW0533ID - PACKINGTON LANDFILL
BW0584IL,BW0584IL - POPLARS LANDFILL SITE
BW0983IT,BW0983IT - Parkwood Road Landfill Site
BW0991IX,BW0991IX - ERIN LANDFILL
BW1009ID,BW1009ID - Barnsdale Bar Landfill
BW1157IQ,BW1157IQ - Meece 3
BW1416IQ,BW1416IQ - ARDEN QUARRY LANDFILL
BW1785IH,BW1785IH - Winterton South Landfill
BW1807IK,BW1807IK - NORTH HERTS  LANDFILL
BW2072IN,BW2072IN - Marks Quarry Landfill Site
BW2145IR,BW2145IR - Longhill Landform
BW2188IU,BW2188IU - Allerton Park Landfill Site
BW2277IM,BW2277IM - Whitehead Landfill Site
BW2811IJ,BW2811IJ - Grunty Fen Landfill Site
BW2838IN,BW2838IN - Feltwell Landfill Site
BW2862IU,BW2862IU - Somersham Landfill Site
BW2943IG,BW2943IG - FOXHALL LANDFILL SITE
BW2951IM,BW2951IM - Roxby Landfill Site
BW2978ID,BW2978ID - Whisby Landfill
BW2986IW,BW2986IW - North Hykeham Landfill Site
BW3125IA,BW3125IA - Staple Quarry Landfill Site
BW9549IA,BW9549IA - Tinsley Park Works Landfill Site
BX0792IX,BX0792IX - KILSBY PHASE VII LANDFILL SITE
BX1942IX,BX1942IX - Milegate Extension Landfill Site
BX2388IF,BX2388IF - CROFT FARM LANDFILL SITE
BX4054ID,BX4054ID - Trigon Landfill Site
BX7886IJ,BX7886IJ - LYME AND WOOD PITS
CP3035PF,CP3035PF - Chapel Farm Phase 2 Landfill Site
CP3232FQ,CP3232FQ - GILBERDYKE LANDFILL
CP3438UX,CP3438UX - Barling LFG Generation Plant
CP3536XG,CP3536XG - RUSHTON LANDFILL SITE
DP3236HH,DP3236HH - Avonmouth Resource Park Project
DP3238SB,DP3238SB - Ellington Road Landfill Site
DP3333KT,DP3333KT - Kirkby Thore Works Landfill Site
DP3335ME,DP3335ME - Southam Landfill
DP3439AZ,DP3439AZ - Edgefield Landfill Site
DP3639LM,DP3639LM - WHITEMOSS LANDFILL
DP3736FA,DP3736FA - Blackborough End Landfill (Red Land)
DP3834GW,DP3834GW - SOUTHWOOD LANDFILL SITE
DP3836LS,DP3836LS - Carlton Forest Landfill Site
DP3939SW,DP3939SW - Bellhouse Landfill Site
EP3038GH,EP3038GH - Burghfield Landfill Gas Utilisation
EP3038LE,EP3038LE - Winterton Gas Utilisation Plant
EP3135PE,EP3135PE - Tripcock Point
EP3136GK,EP3136GK - Rainham Landfill
EP3830LE,EP3830LE - SEATON MEADOWS
EP3936GP,EP3936GP - Pitsea Landfill
FP3038UB,FP3038UB - Rainham Generation Plant
FP3138UL,FP3138UL - Bellhouse Generation plant
FP3435PJ,FP3435PJ - Studley Grange Landfill
FP3437CZ,FP3437CZ - Alcan Ash Lagoons 1-4
FP3438UT,FP3438UT - PITSEA GENERATION PLANT
FP3733BH,FP3733BH - Godmanchester Landfill Site
GP3037SJ,GP3037SJ - Lillyhall Stage 3 Landfill Site
GP3232PZ,GP3232PZ - Highmoor Landfill Gas Compound
GP3334XL,GP3334XL - Hilltop Farm Brinefields
GP3431LF,GP3431LF - Buckden Effluent Treatment Plant
GP3537PU,GP3537PU - Henthorn Road Landfill
GP3632PY,GP3632PY - Distington Gas Utilisation Plant
GP3733FE,GP3733FE - Fletcher Bank Landfill Site
GP3937PZ,GP3937PZ - JMRP1 Leachate Treatment Plant & JMRP1
GP3938LF,GP3938LF - Sandy Lane Landfill Site
HP3437NS,HP3437NS - Rushton Landfill Gas Utilisation Plant
HP3530BS,HP3530BS - Springwell Quarry
HP3630LN,HP3630LN - wapsey wood landfill gas utilisation plant
HP3638UE,HP3638UE - SIDEGATE LANE GENERATION PLANT
JP3037ZK,JP3037ZK - Poundbottom Landfill Site
JP3238WF,JP3238WF - Narborough Gas Utilisation Plant
JP3338ST,JP3338ST - Westby Landfill Site
JP3339CR,JP3339CR - Gasrec Biomethane Plant
JP3339SF,JP3339SF - Oldbury-on-Severn Power Station
JP3832WF,JP3832WF - Knapton Gravel Quarry
KP3238PU,KP3238PU - CANDLES LANDFILL
KP3532PQ,KP3532PQ - Edgefield Hall Farm Generation Project
KP3539BQ,KP3539BQ - RIBBLESDALE WORKS
KP3734LL,KP3734LL - DEERPLAY LANDFILL
LP3031LK,LP3031LK - Small Dole Leachate Treatment Plant
LP3032UR,LP3032UR - WARESLEY LANDFILL
LP3039LP,LP3039LP - RIXTON LANDFILL
LP3133FK,LP3133FK - Britannia Quarry
LP3236SU,LP3236SU - Barling Marsh Landfill
LP3236XH,LP3236XH - Ockendon Power Plant
LP3330XP,LP3330XP - Thornhill Quarry Landfill Site
LP3434HA,LP3434HA - BRADLEY PARK LANDFILL SITE
LP3437UZ,LP3437UZ - DARRINGTON NORTH LANDFILL
LP3530BX,LP3530BX - Carnaby Landfill Site
LP3832NM,LP3832NM - JOINT STOCKS LANDFILL PHASE 2
LP3839WL,LP3839WL - Kingsweston Landfill
LP3939HN,LP3939HN - Boston Landfill Site
MP3234SS,MP3234SS - Coatham Stob Quarry (Area 6)
MP3435KP,MP3435KP - Elsenham Landfill Site
MP3439MH,MP3439MH - United Mines Landfill
MP3933CJ,MP3933CJ - BURGHFIELD LANDFILL
NP3036KR,NP3036KR - WITCHAM MEADLANDS LANDFILL
NP3135SL,NP3135SL - Highfields South Landfill Site
NP3139PK,NP3139PK - Harmondsworth Landfill Site
NP3235SU,NP3235SU - Hempsted Landfill Site
NP3333LD,NP3333LD - William Lee Landfill Site
NP3435PX,NP3435PX - Ufton Farm Landfill Site
NP3538MF,NP3538MF - Daneshill Landfill Site
NP3635SZ,NP3635SZ - Kingsbury Landfill
NP3736GU,NP3736GU - Ockendon Area II & III Landfill
NP3934LH,NP3934LH - Parkgate Farm Hazardous waste landfill
PP3032SY,PP3032SY - Deerplay Landfill Gas Utilisation Scheme
PP3037FA,PP3037FA - Bredbury Parkway HWRC
PP3133TS,PP3133TS - LEADENHAM LANDFILL
PP3134SL,PP3134SL - Corby Landfill Site
PP3135SU,PP3135SU - Brittons Hall Farm Landfill site
PP3234MQ,PP3234MQ - Crosby North Landfill
PP3430BK,PP3430BK - Kirkby on Bain Landfill site
PP3630BC,PP3630BC - KENWICK LANDFILL
PP3730LP,PP3730LP - Welby Tip
PP3734SE,PP3734SE - Cranford Landfill Site
PP3735SW,PP3735SW - Ugley Landfill
PP3830BV,PP3830BV - Immingham Landill Site
PP3935CU,PP3935CU - Martells Quarry Landfill
QP3033BG,QP3033BG - Bramford Landfill Site
QP3038HQ,QP3038HQ - Shardlow Quarry Landfill
QP3230LE,QP3230LE - Whiscombe Hill Landfill
QP3334SK,QP3334SK - Yarborough Quarry
QP3539XL,QP3539XL - WINTERTON LANDFILL
QP3931PF,QP3931PF - Winterton Effluent Treatment Plant
QP3938LY,QP3938LY - Foxhall Generation Plant
RP3039SZ,RP3039SZ - South Pit Phase 3 Landfill
RP3133PP,RP3133PP - Thornhaugh Landfill Site
RP3231XX,RP3231XX - Wood Lane Landfill Site
RP3332KY,RP3332KY - Lane Side Quarry Landfill Site
RP3434HP,RP3434HP - CLE 3/8 Landfill Site
RP3530BC,RP3530BC - Broadpath
RP3539SQ,RP3539SQ - Slape Hill Landfill Site
RP3732SZ,RP3732SZ - Buckden Landfill Site
RP3738ZK,RP3738ZK - Enderby Leachate Treatment Plant
SP3035SX,SP3035SX - Wingmoor Farm Landfill Site
SP3131GC,SP3131GC - Runfold South Landfill Areas A and C
SP3236SC,SP3236SC - Calne Sand Pit Landfill
SP3239BB,SP3239BB - Folly Farm Landfill
SP3336SN,SP3336SN - Park Grounds Landfill
TP3030BM,TP3030BM - Caulklands Quarry Landfill Site
TP3430GW,TP3430GW - East Northants Resource Management Facility
TP3538UB,TP3538UB - Mucking Generation Plant
TP3735PA,TP3735PA - Aycliffe Quarry Landfill
TP3830BD,TP3830BD - Copley Lane Quarry
TP3838PS,TP3838PS - Standen Heath Landfill Site
UP3139BB,UP3139BB - Dimmer Landfill Site
UP3630KS,UP3630KS - Highmoor Quarry Landfill
UP3639LY,UP3639LY - DANES MOSS LANDFILL
UP3730LU,UP3730LU - Poplars Landfill Gas Utilisation Plant
UP3830NT,UP3830NT - Oak Farm Quarry Landfill
UP3939MM,UP3939MM - Connon Bridge Landfill
VP3036GQ,VP3036GQ - Sandy Lane Landfill Site
VP3039SW,VP3039SW - Beddington Farmlands Landfill Site
VP3130BK,VP3130BK - NETTLETON BOTTOM QUARRY
VP3230BH,VP3230BH - GALLYMOOR LANDFILL
VP3235SZ,VP3235SZ - Compton Bassett Generation Plant
VP3736TS,VP3736TS - Blackborough End Landfill
WP3130XG,WP3130XG - Kinderton Landfill Site
WP3139LZ,WP3139LZ - shakespeare farm
WP3330BZ,WP3330BZ - Welbeck Landfill Site
WP3434TW,WP3434TW - WARBOYS LANDFILL SITE
WP3438KV,WP3438KV - Springfield Farm Landfill
WP3439SS,WP3439SS - Norwood Farm Landfill (East)
WP3537ZG,WP3537ZG - Blaydon Quarry Landfill Site
WP3933LW,WP3933LW - Oxbow Lake Landfill
XP3232XN,XP3232XN - Skibeden Quarry Landfill Site
XP3434HX,XP3434HX - Shelford Landfill Site
XP3636KW,XP3636KW - Gerrards Cross Landfill
XP3934SL,XP3934SL - Holford Brinefield Landfill Site
YP3030BT,YP3030BT - GAINSBOROUGH LANDFILL
YP3036FB,YP3036FB - Blackborough End Landfill (Green Land)
YP3336FG,YP3336FG - Blackborough End Landfill (Blue Canyon Land)
YP3439SM,YP3439SM - Wingmoor Quarry Landfill
YP3638SX,YP3638SX - Seghill Landfill Site
ZP3035PH,ZP3035PH - Tatchells Landfill Site
ZP3135PC,ZP3135PC - Herniss Farm
ZP3232SF,ZP3232SF - Hartlebury Landfill Site
ZP3434LC,ZP3434LC - Cowpen Bewley Landfill Site
ZP3533GG,ZP3533GG - Margetts Pit SNRHW Landfill
ZP3933LD,ZP3933LD - HILL AND MOOR LANDFILL
10040,"10040 - D-shaped Field, Allington Landfill"
10111,10111 - Castlewood Leachate Lagoon
10214,10214 - Casbrook Leachate Treatment Plant
10281,10281 - Rookery Farm Landfill Site
10285,10285 - Lynn Pit Transfer Station
10299,10299 - Apsley Farm Landfill Site
19408,19408 - Shakespeare Farm Landfill Extension
19412,19412 - Otterham Landfill
19418,19418 - Lower Twydall Chalk Pit
19435,19435 - Ham Farm
19438,19438 - Bramling Lime Works
19450,19450 - Austins Land
19478,19478 - Hartley Bottom Farm
19487,19487 - Margetts Pit Landfill
19490,19490 - Arnold's Lodge Farm
19493,19493 - Harpwood Residential
19514,19514 - Allington Landfill
19518,19518 - Westwood
19535,19535 - Tubslake
19565,19565 - Manor Farm
19572,19572 - Oxted Quarry
19577,19577 - Clackett Lane Pit
19602,19602 - Old Landfill
19616,19616 - Lottbridge Drove Landfill
19620,19620 - Pebsham Landfill Site
19621,19621 - Old Rodmell Cement Works
19638,19638 - Happy Hunting Grounds
19665,19665 - Tulley's Nurseries
19701,19701 - Small Dole Landfill
19706,19706 - Streat Sandpit
19721,19721 - Goldbridge Farm
19728,19728 - Lidsey Landfill Site Extension
19729,19729 - Lidsey Landfill Site
19734,19734 - Plainwood Close
19768,19768 - Downend Chalkpit Landfill Site
19772,19772 - Apsecastle Wood Pit Landfill Site
19773,19773 - Lower Knighton Farm
19775,19775 - Combley Farm Pit Landfill Site
19779,19779 - Landfill At Knighton Sandpit
19791,19791 - Stag Lane Landfill Site
19794,19794 - Cheverton Down Landfill
19799,19799 - Extension To Apple Dell
19800,19800 - Tufton Manor Farm
19806,19806 - Further Common Plantation
19810,19810 - Land Adjacent To Bunny Lane
19811,19811 - How Park
19814,19814 - Ridge Lane Closed Landfill Site
19819,19819 - Land Adjoining Ridge Lane
19831,19831 - Land West Of Marsh Court Road
19852,19852 - Wickham Vineyard
19853,19853 - North East Of Wickham Vineyard
19864,19864 - Brickyard Road
19872,"19872 - Esso Refinery Landfill, Windy Corner"
19875,19875 - Holbury 2
19878,19878 - Esso Petroleum Refinery Landfill
19882,19882 - Holbury 3 Landfill Site
19885,19885 - Ambervale Farm Landfill And Screener
19889,19889 - Dale Farm
19925,19925 - Netley Farm Landfill And Composting Site
19957,19957 - Paulsgrove Landfill Site
19995,19995 - Poundbottom Landfill - Licence C
20009,20009 - Glebe Quarry Ltd
20023,20023 - Anvil Corner Leachate Treatment Facility
20501,20501 - Lower Kergilliack Quarry Landfill Site
20502,20502 - Dukes Quarry Landfill
20503,20503 - R N Baker
20506,20506 - West Chyverton Mine
20507,20507 - Pollawyn Farm Landfill
20510,20510 - Eales Farm Landfill
20511,20511 - Reen Cross Meadow Landfill
20512,20512 - Chypraze Farm
20516,20516 - Tiscott Wood Depot Landfill Site
20517,20517 - Land At Newlyn Downs
20518,20518 - Land At Tresevern Croft
20519,20519 - Lean Farm Landfill
20520,20520 - Land At Trethennal Farm
20521,20521 - Carnsew Quarry Landfill
20523,20523 - Park An Chy Landfill
20524,20524 - Carthew Landfill
20525,20525 - Sticker Reservoir Landfill
20526,20526 - Disused Railway Cutting - Lane End Landfill
20528,20528 - Halloon Farm
20531,20531 - Holwood Quarry Landfill Site
20532,20532 - The Kelliers
20535,20535 - Connon Fields
20539,20539 - Treworder Landfill Site
20540,20540 - Conce Moor Landfill Site
20545,20545 - Newlyn East Treatment Site
20549,20549 - Tiscott Wood Landfill Site
20751,20751 - Combebow Landfill Site
20753,20753 - Chelson Meadow
20754,20754 - Old Canal Landfill Site
20755,20755 - Newton Downs
20756,20756 - Strashleigh Hams Landfill
20757,20757 - Challonsleigh
20759,20759 - Hollacombe Landfill
20760,20760 - Hayedown  Landfill Site
21504,21504 - Claylands Cross Landfill
21519,21519 - East Grindhill
21521,21521 - Bowerland
21522,21522 - Exeter Road Landfill
21582,21582 - Meadow Wood Pet Cemetery
21585,21585 - Torr Quarry (nr)
21594,21594 - Dallacombe Farm
21596,21596 - West Wheatley Farm
21597,21597 - Marlands Landfill
21599,21599 - Yannon Lane
21600,21600 - Springdale Farm Landfill
21604,21604 - Bickley Ball
21609,21609 - Rake Farm
21613,21613 - Wood Quarry
21615,21615 - Eastacombe Landfill Site
21621,21621 - Jubilee Tip
21622,21622 - Whitehills Plantation
21632,21632 - Chalwells
21653,21653 - Blackhill Quarry
21654,21654 - Hillhead Quarry
21664,21664 - Storridge Lane
21666,21666 - Holelake Quarry
21667,21667 - Higher Whipcott Quarry
21669,21669 - Exwick Barton
21672,21672 - Holcombe Lane Landfill Site
21673,21673 - Shute Hill Landfill Site
21675,21675 - Sutton Barton Landfill & Civic Amenity Site
21679,21679 - Bawdenhayes Farm
21681,21681 - Allers Wood
21683,21683 - Stoke Hill
21684,21684 - Penn Cross Landfill
21690,21690 - Mouldens
21692,21692 - Morrels Lane
21711,21711 - Goutsford Quarry
21735,21735 - Torr Quarry Inert Waste Landfill
21742,"21742 - Exeter Road Industrial Estate, Field No. 6367"
21785,21785 - Kenbury Wood Landfill
23504,23504 - Throop House  Closed
23505,23505 - Somerley Landfill
23517,23517 - Chitterne Waste Management Facility
23526,23526 - Tatchells Landfill And Transfer Station
23527,23527 - Stokeford Heath Landfill Site
23528,23528 - Swanage Landfill & Civic Amenity Site
23529,23529 - Bothenhampton Landfill - Closed
23530,23530 - Whites Pit Landfill Site
23532,23532 - Warmwell Quarry Part I I
23534,"23534 - Broadcroft Quarry,"
23535,23535 - Conygar Coppice T L
23559,23559 - North Bund Henbury Plantation Landfill
23598,23598 - Whites Pit Landfill Site
23600,23600 - Shipton Lane Innsacre
23605,23605 - Stanbridge Chalk Pit
23606,23606 - D & P Lovell Quarries
23608,23608 - Suckthumb Quarry Landfill
23613,23613 - Parley Court Farm  - Closed
23615,23615 - Warmwell Quarry ( Camas)
23616,23616 - Crooked Willows Farm
23617,23617 - Little Oak Farm
23621,23621 - Silton Quarry
23622,23622 - Peggs Farm
23623,23623 - Henbury Plantation
23624,23624 - Masters Pit North           Wareham
23627,23627 - Withies Croft Quarry Phase 3
23628,23628 - Povington Ball Clay Pit
23629,23629 - Whites Pit ( Northern Area)
23630,23630 - Hines Pit Landfill Site  - Closed
23631,23631 - Marl Pit
23632,23632 - White Mill Chalkpit
23636,23636 - Barford Cliff Chalk Pit
23637,23637 - Scotland Lodge
23638,23638 - Little Ridghams Copse
23640,23640 - Wide Street Portland
23673,23673 - Hamer Warren Landfill
23674,23674 - Warmwell Quarry North
23689,23689 - Warmwell Landfill Site
23756,23756 - Henbury Landfill Site
26003,26003 - Bearly Farm Landfill Site
26019,26019 - Sahara Sandpit
26021,"26021 - Landfill And Treatment Site On Land Adjacent To Woodhouse Farm, Montacute"
26027,26027 - Paradise Quarry
27001,27001 - Penleigh Tip No 3
27007,27007 - Willow Farm Landfill Site
27042,27042 - Dimmer Landfill
27080,27080 - Creech Hill Farm Sludge Storage Lagoon
27083,27083 - Allerford Railway Pit Landfill Site
27089,27089 - Higher Hurcott Farm Landfill Site
27091,27091 - Southmead Farm Landfill Site
27092,27092 - Stoke Hill Landfill Site
27095,27095 - Witcombe Lane Landfill Site
27096,27096 - Spaxton Road Landfill Site
27099,27099 - Hinkley Point B Landfill Site
27102,27102 - Pond Farm Landfill Site
27103,27103 - Land To Rear Of Glastonbury Sewage Treatment Works
27105,27105 - Vobster Cross Landfill Site
27106,27106 - Allotment Drove Landfill Site
27107,27107 - Station Road Landfill Site
27109,27109 - Puriton Landfill Site
27110,27110 - Glastonbury Heath Landfill Site
27113,27113 - St Cuthberts Paper Mill
27114,27114 - Odcombe Waste Disposal Site
27115,27115 - Poole Brickworks Landfill
27116,27116 - Brompton Ralph Quarry
27117,27117 - Croford Landfill Site
27128,27128 - Bath Old Road Landfill Site
27129,27129 - Westbury Landfill
27132,27132 - Knockdown Quarry Landfill
27137,27137 - Old Allotments Landfill Site
27148,27148 - Cumberwell Park
27149,27149 - Manor Farm Landfill Site
27150,27150 - Land Raising At Field North Of Hawcroft Holt
27152,27152 - Old Park Farm Landfill Site
27155,27155 - Land Raising At Snow Hill & Cowage Brook
27158,27158 - Studley Grange Farm Landfill Site
27173,27173 - Four Winds Landfill Site
27176,27176 - Kingsweton Lane Landfill
27178,27178 - Cliffeville Aust Landfill
27201,27201 - Church Down's Farm Landfill
27207,27207 - Up Yonder Farm Landfill
27220,27220 - Tracy Park Golf Club Landfill Site
27227,27227 - Churngold University Playing Fields Landfill
27228,27228 - Plantation Works Landfill Site
27231,27231 - Colemans Quarry Landfill Site
27233,27233 - Rust Bridge Landfill Site
27236,27236 - Hartcliffe Rocks Quarry
27237,27237 - Star Farm Landfill Site
27238,27238 - Durston Shireway Yate Landfill
27241,27241 - Codrington Quarry Landfill Site
27242,27242 - Berwick Farm Landfill Site
27245,27245 - Lady Farm Landfill Site
27247,27247 - Wickwar Quarry
27249,27249 - Weston Drove Landfill Site
27250,27250 - Keynsham Paper Mill Paper Sludge Treatment Lagoon & Landfill Site
27252,27252 - Foreshore Of Avonmouth Dock
27255,27255 - Bathford Paper Mills Landfill Site
27256,27256 - Crooks Marsh Farm Landfill Site
27257,27257 - Harnhill Quarry Landfill Site
27278,27278 - Danesborough Reservoir Landfill
27282,27282 - Williton Landfill
27299,27299 - Land Off Weston Drove
27300,27300 - Land Off Weston Drove
27301,27301 - Willow Farm Landfill Site
30192,30192 - The Lea Landfill
37005,37005 - Rhoswiel Sawmill
37006,37006 - E T C Sawmills
37108,37108 - Huntington Water Treatment Works
40003,40003 - Judkins Landfill Phase 3
40004,40004 - Fallows - Booths Farm Landfill Site
40028,40028 - John Heath - Park Hall Farm Landfill Site
40039,40039 - Whitemoor Haye Landfill
40047,40047 - Aggregate Industries - Newbold Quarry
40059,40059 - Shire Oak Quarry
40704,40704 - Armitage Ware - Rugeley Landfill Site
40710,40710 - Henry Venables Doxey Road Landfill Site
40712,40712 - Platt & Sons - Brownhills Tileries Landfill Site
40715,40715 - Wedgwood - Midwinters Tip
40716,40716 - Willenhall Lane Landfill Site
40740,40740 - C E M E X   Hopwas Quarry
40741,40741 - Measham Landfill Site
40752,40752 - C E M E X - Weeford Quarry
40803,40803 - Rattlechain Lagoon
40820,40820 - Apollo Sports - Paddock Works
40836,40836 - Douglas - Newbold Gravel Pit
40919,40919 - Rover Group - Lode Lane Landfill Site
41005,41005 - Staffordshire C C - Crackley Gates Landfill Site
41011,41011 - Lichfield D C  Christian Fields Landfill Site
41013,41013 - Dudley Zoo - The Bearpit
41020,41020 - Staffordshire C C  Bemersley Landfill Site
41021,41021 - S T W - Ray Hall Reclamation Works
41108,41108 - R M Douglas - Stubbers Green Road Landfill Site
41112,41112 - Brindley Asphalt - Pennymore Hay Farm Landfill Site
41205,41205 - S T W - Foxyards Landfill Site
41302,41302 - Holmes - Brookside Farm Landfill Site
41406,41406 - Staffordshire C C - Hopton Railway Cutting
41420,41420 - Corus - Shelton Steelworks
41421,41421 - N & H Transport - Blackflatts Farm
41517,41517 - Challinor - Within Lane Landfill Site
41520,41520 - City Of Stoke On Trent - Newford Valley
41601,41601 - N & H - Colton Hall Farm Landfill Site
41602,41602 - Griff No 2 Landfill Site
41603,41603 - Biffa - Newstead Landfill Site
41703,41703 - Roarty - Tanworth Lane Farm Landfill Site
41713,41713 - Gallows Lane Landfill
41816,41816 - Nadins Landfill Site
41818,41818 - Derbyshire C C - Birchwood Quarry
41903,41903 - Newbold Quarry
42000,42000 - Biffa  Dosthill Landfill Site
42003,42003 - Jeffery - Swinholm Farm Lagoon
42017,42017 - Peters - Whitby Riding Stables
42116,42116 - Joseph Kimberley & Sons Limited - Chatterley Quarry
42124,42124 - Alrewas Quarry ( Phase 1 )
42149,42149 - C E M E X  Coleshill Quarry
42161,42161 - Judkins Landfill Site
42162,42162 - Leicestershire C C - Church Road Landfill Site
42205,42205 - Mark Smith Transport  Dunstall Pool
42220,42220 - Ibstock Brick - Redhurst Quarry
42240,42240 - Boydon - The Old Mineral Line
42291,42291 - Mintworth Quays - Rattlechain Tip
42294,42294 - Chelson Properties - Dividy Road Landfill Site
42309,42309 - Weaver - Lavender Hall Farm Landfill Site
42313,42313 - Tarmac - Kevin Quarry
42331,42331 - B W B - Fishley Lane Landfill Site
42344,42344 - C S G - Wyrley Grove Landfill
42351,42351 - Staffordshire C C - Fowlchurch Landfill Site
42355,42355 - Biffa - Marchington Landfill Site
42359,42359 - Biffa  Poplars Landfill Site
42367,42367 - Bowmans Harbour
42395,42395 - E A - Lea Marston Purification Lakes
42400,42400 - P & P - Dilhorne Lane Landfill Site
42402,42402 - Blue Button Landfill Site
42416,42416 - Cory - Leabrook Repository
42422,42422 - Dawkes - Hundred Acre Farm Landfill Site
42466,42466 - New Haden Metals - Oakhill Landfill Site
42492,42492 - Fallows - Booths Farm Landfill Site
42498,42498 - John Heath - Park Hall Farm Landfill Site
42506,42506 - Hanson Coneybury Farm Landfill Site
42565,42565 - Bretby No 2 Landfill Site
42611,42611 - Heather Quarry Landfill
42652,42652 - Hepworth Building Products - Woodville Works
42656,42656 - W R G  Bretby No 1 Landfill Site
42660,42660 - Bowmans Harbour
42662,42662 - Peak Waste Recycling Ltd
42708,42708 - Dudley M B C - Castlegate Landfill Site
42713,42713 - Hanson Middleton Hall Pit
42800,42800 - Alrewas Quarry
42814,42814 - Biffa - Saredon Hill Quarry
42901,42901 - Aldridge Quarry - Inert Waste Landfill Site
43012,43012 - Carlton Forest Landfill
43017,43017 - Butterley Brickworks Quarry
43019,43019 - Burntstump Landfill Site
43021,43021 - Bestwood Landfill
43022,43022 - Newark Sugar Factory
43034,43034 - Coneygre Farm
43054,43054 - Newark Sugar Factory
43055,43055 - Fiskerton Landfill Site
43061,43061 - Trent Concrete
43085,43085 - Land Off A614
43086,43086 - Bawtry Carbon International Ltd
43087,43087 - Tipping Services Construction Ltd
43088,43088 - Finningley Landfill Site
43095,43095 - Brigg Road
43097,43097 - Crosby Warren Landfill
43098,43098 - Hornsby & Goodwin Ltd
43111,43111 - West Bank Of River Trent British Waterways
43113,43113 - Tudworth Landfill
43114,43114 - Higgins Landfill Finningley
43115,43115 - Old Bank Farm Landfill  D G Brownbridge
43125,43125 - Scunthorpe Works
43136,43136 - Bawtry Carbon International Ltd
43144,43144 - Rampton Gravel Pit
43145,43145 - Girton Quarry
43146,43146 - J C Hewitt Landfill Inert
43147,43147 - Bessemer Way Landfill
43148,43148 - Rampton Gravel Pit Ash Lagoon No 1
43153,43153 - Sutton Quarry Landfill Site
43159,43159 - Kiveton Park Steel Limited
43163,43163 - Disused Railway Cutting
43164,43164 - Leen Valley Branch Line Landfill
43165,43165 - Lords Wood Quarry Landfill
43166,43166 - Daneshill Landfill Site
43170,43170 - Cavendish Lodge Farm
43175,43175 - Girton Quarry Site
43180,43180 - Vale Road Quarry
43183,43183 - Rufford Colliery Complex
43191,43191 - Scrooby Quarry
43192,43192 - Land Adjacent To Boynton Brothers & Hallam
43196,43196 - Carlton Forest Quarry
43204,43204 - Harrycroft Landfill Site
43210,43210 - Calton Hill Landfill
43212,43212 - Outland Head Quarry
43218,43218 - Derbyshire Aggregates Ltd
43219,43219 - Tearsall Farm Site
43221,43221 - White Rake
43225,43225 - Export Drive
43226,43226 - Lumshill Quarry
43227,43227 - Sutton Landfill Site
43230,43230 - Friden Pit
43231,43231 - Coxbench Quarry Landfill
43232,43232 - Hilts Quarry Landfill
43233,43233 - F H Drabble
43235,43235 - Hope Cement Works
43236,43236 - Exchem Explosives Limited
43244,43244 - Hilton Borrow Pit Landfill
43248,43248 - Lount Landfill Site
43251,43251 - Derby Quarry
43256,43256 - Elvaston Quarry
43270,43270 - Megaloughton Lane Landfill Site
43271,43271 - Chaddesden Sidings Landfill
43273,43273 - A E Hibbs & Sons Ltd  Ford Lane
43276,43276 - Pride Park Waste Repository
43281,43281 - Veolia Es Cleanaway ( U K ) Limited - Mountsorrel Quarry
43282,43282 - Bescaby Landfill Site
43286,43286 - Shepshed Landfill Site
43294,43294 - Beacon Road Landfill Site
43296,43296 - Cossington Landfill
43298,43298 - Sandfield Quarry
43321,43321 - Huncote Quarry
43331,43331 - F E Downes Ltd
43353,43353 - Dunton Bassett Landfill Site
43366,43366 - Enderby Warren
43372,43372 - Frolesworth Road
43374,43374 - Narborough Landfill Site
43397,43397 - Cotes Park Industrial Estate
43398,43398 - Amber Valley
43405,43405 - Bramcote Quarry Landfill
43410,43410 - Staple Opencast Mine
43412,43412 - British Waterways
43413,43413 - Lindleys Lane
43418,43418 - Safewaste Limited - Bunny Landfill
43420,43420 - Winking Hill  Gypsum Disposal Site
43421,43421 - Land At Bowbridge Lane Balderton Newark
43435,43435 - Barnstone Landfill Site
43436,43436 - Grove Farm Tip
43440,43440 - Staple Quarry Landfill Site
43442,43442 - Bassingfield Gravel Pit ( Disused)
43460,43460 - Carr Lane Landfill
43463,43463 - British Sugar Borrow Pits
43466,43466 - Lea Road Landfill
43478,43478 - Brickyard Farm Lums Hill
43481,43481 - Shuttle Rake
43482,43482 - Meadow Lane Quarry
43490,43490 - Moor Farm
43497,43497 - Ibstock Building Products
43502,43502 - Dorket Head Landfill
43564,43564 - Pride Park Repository
43565,43565 - Rampton Lagoons
43566,43566 - Huncote Quarry
43567,43567 - Shardlow Landfill
43569,43569 - Thurcroft
43703,43703 - Dorket Head Landfill
43704,43704 - Bradgate Landfill
43762,43762 - Serlby Landfill
43765,43765 - Cranebrook Quarry Landfill
46010,46010 - Bayer Uk Ltd - Landfill Stoke Works
46011,46011 - C E M E X - Shepley Quarry  Landfill
46013,46013 - Mill Farm Sandpit Landfill  ( Pinches 2)
46016,46016 - Veolia E S Cleanaway ( U K) Limited
46020,46020 - Penny Hill Quarry Landfill
46032,46032 - Stourhill Quarry Landfill
46033,46033 - Summerway Landfill
46034,46034 - Lye Forge Landfill
46036,46036 - Lickhill Quarry Landfill
46038,46038 - Brant Farm Landfill
46039,46039 - Doddingtree Farm Landfill
46052,46052 - Dudley Drop Forgings Ltd Landfill
46053,46053 - Shaw Brothers Landfill
46055,46055 - Landfill At Rear Of Moonraker House
46058,46058 - Drawisle Ltd Landfill
46133,46133 - Hanson ( W R G ) Landfill
46134,46134 - Seisdon Landfill Site
46136,46136 - Blackhills Quarry Landfill
46138,46138 - Enville Road Sand Quarry Landfill
46139,46139 - Stewponey Landfill
46143,46143 - Severn Trent Water Ltd Screenings Tip Landfill
46147,46147 - High Down Quarry Landfill
46148,46148 - Himley Wood Landfill
46149,46149 - Himley Wood Landfill  Phase 3d
46155,46155 - Stewponey Landfill Site
47002,"47002 - B J Challinor, Landfill"
47005,"47005 - Upper Whittimere Quarry, Landfill"
47006,47006 - Devil's Dingle Landfill
47007,47007 - British Sugar Plc Landfill
47011,47011 - Telford & Wrekin Council Landfill
47013,47013 - Coalmoor Landfill Site
47017,47017 - Silvertrees Landfill
47025,47025 - Wellings Ltd Landfill
47043,47043 - Preeshenlle Landfill Site
47051,47051 - Aldon Landfill Site
47052,47052 - Heathgates Landfill Site
47053,47053 - Barnsley Lane Landfill Site (de-conditioned)
47055,47055 - Granville Transfer And Treatment Facility
47061,47061 - Dorrington Sand Quarry Landfill
47108,47108 - Saint Gobain Pipelines Plc
47171,47171 - Granville / Woodhouse Landfill ( P P C Permit B U 71031 C )
47173,47173 - Barnsley Lane L/fill ( P P C Permit B U 5992 I T ) Shropshire
47190,47190 - New Acres Landfill Site
47195,47195 - Edwin Richards Landfill ( P P C Permit No B U 0834 I P )
47197,47197 - Ironbridge B Power Station
48007,48007 - Standle Farm Landfill Site
48012,48012 - Hawkwell Shaft Landfill Site
48013,48013 - Tutnalls
48018,48018 - Drymeadow Farm Landfill Site
48019,48019 - Dorn Fields Landfill Site
48020,48020 - Walton Hill Farm
48022,48022 - Cotstone Quarry Landfill Site
48024,48024 - Cotswold Skip Hire
48027,48027 - Brook Villa Farm Landfill Site
48047,48047 - Woolgaston Farm
48050,48050 - Brockworth Bypass
48089,48089 - Cotesbach Landfill Site
48090,48090 - Welford Quarry   Biffa
48092,48092 - Welford Quarry Landfill
48096,48096 - Daventry Rail Freight Terminal
48100,48100 - Frog Hall Landfill Site
48101,48101 - Southam Landfill
48103,48103 - Rock Farm Landfill Site
48104,48104 - Ryton Wood 4 Landfill
48107,48107 - Sandy Lane Landfill
48118,48118 - Glebe Farm Landfill
48119,48119 - Marsh Farm Landfill
48124,48124 - Kingston Grange Farm Landfill
48165,48165 - Hill & Moor Landfill Site
48166,48166 - Strensham W T W
48183,"48183 - Burfords, Watermead Meadow"
48185,48185 - The Perry Way Landfill
48188,48188 - Colethrop Court Farm Landfill
48192,48192 - Kingston Grange Farm Landfill
48277,48277 - Wingmoor Farm Landfill ( PPC Permit  SP3035SX )
48278,48278 - Landfill Site At Throckmorton Rd ( Permit Permit ZP3933LD )
48279,48279 - Frampton Landfill ( PPC Permit BK3166IP )
50071,50071 - Sleepy Meadow Pet Cemetery
50400,50400 - Maw Green Landfill Permit
50468,50468 - Berks Quarry
50470,50470 - Woolston Deposit Ground
50490,50490 - Southworth Quarry Landfill P P C
50535,50535 - Hilltop Farm Brinefield
50536,50536 - Holford Brinefield Landfill Site
53425,53425 - Bethell Construction Landfill Site
53439,53439 - Wharf Street Landfill Site
53470,53470 - Sandy Lane Landfill Site
53477,53477 - Meek Street Landfill Site
53505,53505 - Tenement Lane Landfill Site
53526,53526 - Former Borrow Pit Site
53533,53533 - Arden Quarry Landfill
53542,53542 - Holiday Moss Landfill Site
53545,53545 - Danes Moss Landfill Site
53552,53552 - Rakehead Lane Landfill Site
53554,53554 - Bromborough Dock North Landfill Site
53558,53558 - Greenside Farm Landfill Site
53562,53562 - Southworth Quarry Landfill Site
53568,53568 - Woodend Farm Landfill Site
53571,53571 - Hazel Knoll Farm Inert Landfill Site
53572,53572 - Weston Marsh Lagoons
53573,53573 - J H & D J Willis
53584,53584 - Hapsford Landfill Site
53624,53624 - Lumns Lane Landfill Site
53625,53625 - Offerton Sand & Gravel Landfill Site
53632,53632 - R J Mason Inert Landfill
53637,53637 - Green Farm Landfill Site
53646,53646 - Billinge Hill Quarry Landfill Site
53647,53647 - Prettywood Easterly Extension Landfill Site
53648,53648 - Amberswood Landfill
53651,53651 - Chadderton Landfill Site
53658,53658 - Springside Mills Landfill Site
53662,53662 - Landfill Site Between Rhodes & Higher Blackley
53693,53693 - Fletcher Bank Quarry Landfill
53702,53702 - Piethorne Wastewater Treatment Works Landfill
53704,53704 - Bromborough Dock South Inert Landfill
53710,53710 - British Salt Ltd
53712,53712 - Garnet Fold Landfill Site
53719,53719 - Frodsham Marsh Lagoons
53720,53720 - Harwood Quarry
53728,53728 - Ashfield Valley Inert Landfill Site
53737,53737 - Holcroft Hall Quarry Landfill Site
53739,53739 - Street Lane Farm Landfill Site
53745,53745 - Duckworth Clough Landfill Site
53749,53749 - A M E C Landfill Site South
53751,53751 - Trent & Mersey Canal Lagoon
53755,53755 - Hooton Brickworks Landfill Site
53761,53761 - Tameside M B C Inert Landfill Site
53762,53762 - Shropshire Canal Landfill Site
53765,53765 - Tarmac Construction Landfill Site
53770,53770 - Hough Mill Quarry South Landfill Site
53771,53771 - Acton Bridge Dredging Tip
53779,53779 - Longson Street Disused Reservoir Landfill
53782,53782 - Handforth Road Landfill Site
53788,53788 - Endon Quarry
53801,53801 - Pepper Street Landfill
53802,53802 - Griffiths Road Limebeds
53836,53836 - Norbury House Farm Landfill Site
53842,53842 - Golden Nook Dredging Landfill Site
53877,53877 - Chulsey Gate Landfill Site
53878,53878 - Higher Hills Farm Inert Landfill
53888,53888 - Wallerscote Limebeds
53889,53889 - Medlock Vale Farm Inert Landfill Site
53894,53894 - Spooner Vicars Landfill Site
53902,53902 - Northern Land Agricultural Improvements Landfill Site
53907,53907 - Moreton Landfill
53916,53916 - Crompton Effluent Treatment Works
53919,53919 - Carrington Road Brickworks Landfill Site
53920,53920 - New Hey Works Landfill Site
53928,53928 - Birchenley Farm Landfill Site
53931,53931 - Landfill Site East Of Towngate Farm
53933,53933 - Brown Edge Farm Landfill Site
53940,53940 - Tong Farm Landfill Site
53941,53941 - Greenhollins Farm Inert Landfill Site
53950,53950 - Allwood House Farm
53951,53951 - Fieldhouse Road Landfill Site
53952,53952 - Moss Hall Farm Landfill Site
53956,53956 - Oldham Wastewater Treatment Works Landfill Site
53961,53961 - Fir Tree Farm Landfill Site
53978,53978 - West Clifton Marsh Lagoon
53982,53982 - Bromborough Inert Landfill
53987,53987 - Moss Side Lane Brickworks
53988,53988 - Bongs Farm Landfill Site
53989,53989 - Biddulph Sands Landfill Site
53990,53990 - Hough Mill Quarry North Landfill Site
53994,53994 - Top O'slate Quarry Landfill
53995,53995 - Horncliffe Quarry Landfill
53996,53996 - Holford Brinefields
53997,53997 - Springside Mills Landfill Site
53999,53999 - Frodsham Marsh Lagoon
54003,54003 - North Quarry
54005,54005 - William Blythe Ltd ( Hapton )
54006,54006 - Hillhouse Landfill Site
54007,54007 - Star Paper Mill
54008,54008 - Goosehouse Quarry
54010,54010 - Clayton Hall Sand Quarry L F S
54011,54011 - Chapel Hill Quarry
54012,54012 - Dalton Quarry
54013,54013 - Round ' O ' Quarry
54014,54014 - Coplow Quarry
54016,54016 - Grange Farm
54017,54017 - West & Parbold Quarries Landfill Site
54020,54020 - Lundsfield Quarry ( Thwaite Gate )
54021,54021 - Alty's Landfill Site
54022,54022 - Whitebirk L F S
54024,54024 - Great Knowley & Gorse Quarry ( Clive Hurt Plant Hire )
54025,54025 - Lightfoot Green Farm
54026,54026 - I C I Mine Subsidence
54029,54029 - Ellel Crag Quarry
54034,54034 - Lords Delph Quarry
54040,54040 - Castle House Farm Sand Quarry
54048,54048 - Bent Hall Farm L F S
54049,54049 - Midgeland Farm
54058,54058 - Holland Colliery
54059,54059 - Rough Park Quarry
54063,54063 - Kingscourt Development
54067,54067 - Penwortham Golf Club Ltd
54074,54074 - Bartles Lane
54085,54085 - Marlpit Wood
54089,54089 - Church Car Dismantlers
54096,54096 - Jameson Road Landfill Site Phase 1
54097,54097 - Clifton Marsh Landfill Site - Phase 1-3
54098,"54098 - Ulnes Walton L F S, Phase 1"
54100,54100 - Cotestones L F S
54101,54101 - Much Hoole L F S
54102,54102 - Henthorn Road Landfill Site
54103,54103 - Rowley Landfill Site
54105,54105 - Salt Ayre Landfill Site
54131,54131 - Stoney Brow Quarry
54135,54135 - William Blythe Ltd ( Church )
54155,54155 - Moss Side Landfill Site
54162,54162 - Moorfield Industrial Estate
54169,54169 - Cropper Road L F S
54214,54214 - Crag House Quarry
54218,54218 - Ince Moss Tip
54219,54219 - Seddons
54220,54220 - Standish Tip
54222,54222 - Redland Roof Tiles
54223,54223 - Sheldon Sand Quarry
54225,54225 - Cemetary Road L F S
54231,54231 - Kirkless Landfill Site
54257,54257 - Marl Road/wood Ward Road Inert Landfill
54276,54276 - Withnell Quarry
54280,"54280 - Ulnes Walton L F S, Phase 2"
54304,54304 - Rowley Landfill Site Extension
54335,54335 - Landgate Farm
54488,54488 - Round ' O ' Quarry
54489,54489 - Ulnes Walton Generation Plant
54500,54500 - Kirkless Landfill Gas Utilisation
57002,57002 - Lillyhall Landfill Stage 1
57025,57025 - Bennet Bank Landfill 25
57028,57028 - Hutbank Landfill
57037,57037 - Hotchberry Quarry
57054,57054 - Kirkby Thore Works Landfill 54
57055,57055 - Windscale Landfill North
57056,57056 - Windscale Landfill South
57071,57071 - Aldoth
57074,57074 - Overby Sand Quarry
57079,57079 - Calder Tip
57082,57082 - Cummersdale
57084,57084 - Burneside Paper Mills
57092,57092 - Walney Road
57099,57099 - Lillyhall Landfill Stage 2
57128,57128 - Calder Tip Extension
57131,57131 - Kendal Fell Quarry Phase 1a
57132,57132 - Kendal Fell Quarry Phase 2
57146,57146 - Todhills
57159,57159 - Docker Fell Landfill
57181,57181 - Ufex Landfill
57189,57189 - Willowholme Wwtw  Landfill
57211,57211 - Distington Landfill
57212,57212 - Hespin Wood
57213,57213 - South Walney Landfill
57216,57216 - Whinbank Farm
57221,57221 - W A Tinkler
57224,57224 - Ian Brown
57231,57231 - Old Chapel Works
57236,57236 - Black Bull Farm
57251,57251 - Shore Road Drigg
57253,57253 - Jacktrees Road
57255,57255 - Plumpton Quarry
57256,57256 - Brocklebank Quarry
57257,57257 - Fairthorns Lane Killington
57260,57260 - Broughton Craggs Phase 1
57268,57268 - Longlands
57275,57275 - Broughton Craggs Phase 2
57277,57277 - Dalston Factory
57282,57282 - Thackwood
57283,57283 - Galemire Quarry
57291,57291 - Docker Fell
57292,57292 - Kendal Fell Quarry Phase 1b
57297,57297 - Durranhill
57301,57301 - North Tip Extension
57306,57306 - Derwent Howe
60001,60001 - Embsay Landfill Site
60008,60008 - Skibeden Quarry Landfill Site
60021,60021 - Mcmullen Road
60022,60022 - Aycliffe Quarry East
60023,60023 - Aycliffe Church Quarry
60045,60045 - Great Yorkshire Show Ground
60053,60053 - High Rails Farm
60054,60054 - Sandygate Farm
60067,60067 - Brierton Quarry Landfill
60074,60074 - Hall Construction Services Ltd
60090,60090 - Langbaurgh Ridge Quarry
60091,60091 - Cowpen Bewley Landfill
60092,60092 - Bran Sands
60093,60093 - Clarence Works
60094,"60094 - Wilton, Perimeter Mounds"
60097,60097 - Coatham Stob Quarry
60098,60098 - Thornton Fields Farm
60105,60105 - B S Skinningrove Works
60106,60106 - Coatham Stob Farm
60109,60109 - Bitmac Landscaping Mounds
60118,60118 - Bitmac Landfill
60120,60120 - Teesside Golf Club / A66 Thornaby
60132,60132 - Carlin Howe Farm
60138,60138 - Warrenby
60141,60141 - B S Redcar Works
60142,60142 - Former B S Site South Bank
60149,60149 - Farnham Quarry
60155,60155 - Ings Lane
60157,60157 - Golden Hill Quarry
60158,60158 - Knapton Gravel Quarry
60161,60161 - West Lodge
60170,60170 - Caulklands Quarry Landfill Site
60172,60172 - Woodacre Lane
60176,60176 - Flixton Quarry
60179,60179 - Seamer Carr Landfill Site
60180,60180 - Mickleby Landfill Site
60181,60181 - Highland Quarry
60182,60182 - Bishop Middleham Quarry 2
60189,"60189 - John O' Tooles Quarry, Westerton"
60195,60195 - Lodge Quarry Landfill
60196,60196 - Hull Road Landfill
60198,60198 - Eggborough Power Ltd
60201,60201 - Stutton Road
60203,60203 - Green Lane Landfill Site
60204,60204 - Darrington Northside Landfill
60205,60205 - Hazel Grove Quarry
60206,60206 - Drome Farm
60211,60211 - Barnsdale Bar Quarry
60212,60212 - Darrington Long Lane Quarry
60213,60213 - Darrington Bentonite Quarry
60215,"60215 - Escrick Brickworks, Escrick"
60222,60222 - Coatham Stob Brickworks
60223,60223 - Station Road Landfill
60224,60224 - Durham Lane
60226,60226 - T D C Landfill At Port Clarence
60229,60229 - Claxton Landfill
60231,60231 - Stillington Tip
60236,60236 - Newport Landfill
60238,60238 - North Wood Tip
60246,60246 - Lartington Water Treatment Sludge Disposal Area
60557,60557 - Hepworth Building Products (holdings) Limited
60559,60559 - Banks Wood Open Pit Clay Site
60560,60560 - E J Lidster Construction Limited
60588,60588 - Stairfoot Landfill
60592,60592 - Bradshaw Quarry
60593,60593 - R. Armstrong
60604,60604 - Parkhill Landfill Site
60616,60616 - Parkinson - Spencer Refractories Ltd
60618,60618 - Haworth Scouring Company
60624,60624 - Gilstead Filtration Works
60628,60628 - Fields Rear Of Raikes Farm
60629,60629 - Bingley Brickworks
60632,60632 - Parkwood Off Road Centre
60652,60652 - Thornton Moor Reservoir
60655,60655 - Streethouse Farm Development
60659,60659 - Crossley Farm
60664,60664 - High Stream Head Farm
60667,60667 - Bunkers Hill Farm
60701,60701 - West Manywells Quarry
60719,60719 - Sugden End Landfill
60730,60730 - Grange House Quarry
60733,60733 - Crownest Park Quarry
60734,60734 - Hill Crest Quarry
60737,60737 - Only House Quarry
60738,60738 - Upper Pule Quarries
60742,60742 - Cromwell Quarries
60743,60743 - Swalesmoor Road Landfill
60744,60744 - Clockface Quarry Landfill Site
60745,60745 - Former Atlas Works ( South East Extension)
60748,60748 - Ash Grove Pipe Works
60750,60750 - Hilltop Colliery Landfill Site
60755,60755 - Disused Quarry
60764,60764 - James Hudson
60769,60769 - Land At Red Acre
60780,60780 - Ringby Lane Quarry Landfill
60792,60792 - Land At Copley Playing Fields
60796,60796 - Disused Railway Cutting
60801,60801 - Cromwell Bottom Landfill Site
60802,60802 - Hollins Hey Landfill Site
60813,60813 - Kirk Sandall Lock
60820,60820 - Burgy Bed Lagoons
60831,60831 - Askern Sawmills Limited
60837,60837 - Thorpe Marsh Power Station
60851,60851 - Scabba Wood Quarry
60855,60855 - E Nortcliffe & Sons Ltd
60870,60870 - Mexborough Landfill
60871,60871 - Levitt Hagg Quarry
60879,60879 - Sutton Quarry
60882,60882 - Breighton Landfill
60884,"60884 - Weel Landfill Site, Waste Wise"
60885,60885 - Humberfield Quarry Landfill Site
60886,60886 - Paull Holme Quarry
60887,60887 - Figham Pasture Landfill Site
60890,60890 - Sands Top Quarry
60891,60891 - New Feeding Pasture Landfill Site
60892,60892 - Dispit Ltd
60893,60893 - Danes Graves Landfill Site
60894,60894 - Catwick Grange Landfill Site
60896,60896 - White House Landfill
60897,60897 - Gransmoor Quarry
60898,60898 - Crosslands Quarry
60899,60899 - Newton Lodge Landfill
60900,60900 - Hutton Balk Quarry
60901,"60901 - Burnby Lane, Pocklington"
60903,60903 - Melton Ings Landfill Site
60924,60924 - Digwell Ltd
60925,60925 - Burstwick Grange Landfill Site
60926,60926 - Mill Hill Landfill Site
60927,60927 - Gransmoor Quarry - Site B
60928,60928 - Plant Pit 3
60951,60951 - Albion Lane Landfill
60952,60952 - Great Gutter Lane Landfill
60990,60990 - Deighton Tip
60991,60991 - Mount Road Landfill Site
60992,60992 - Former Blakeborough's Tip
60995,60995 - Washpit Mills
60997,60997 - Marsden Dredsing Disposal Site
60998,60998 - Wood Bottom
61005,61005 - Battyeford Lock
61025,61025 - C L M Properties Ltd
61033,61033 - Snee
61049,61049 - S & R M Peel
61050,61050 - Peace Wood
61057,61057 - Honley Wood North Side
61058,61058 - Lower Spen Valley
61121,61121 - New Howley Park Quarries
61178,61178 - Pool Paper Mill
61200,61200 - Mr J F Calder
61204,61204 - Soothill Brickworks
61241,61241 - Arthington Quarry
61244,61244 - E Williams
61274,61274 - Thorpe Quarry
61297,61297 - S Butterfield
61400,61400 - Howley Park Landfill
61419,61419 - Pool Paper Mill
61483,61483 - St Aidens Remainder O C C S Landfill
61552,61552 - Kilnhurst Flood Lock
61554,61554 - Swallownest Brickworks Quarry                                                  F
61561,61561 - Waverley Reclamation Scheme
61562,61562 - Mexborough Landfill
61563,61563 - Alick Watson Limited
61564,61564 - British Steel Engineering Steels
61567,61567 - T K Lynskey Excavations Limited
61569,61569 - Ravenfield Park Tip
61571,61571 - Former Laporte Landfill
61573,61573 - Mr M N Sargeson
61576,61576 - Trimbrim Limited
61577,61577 - Waste Recycling Group Ltd
61619,61619 - Beighton Landfill Site
61620,61620 - Douglas Road Landfill Site
61636,61636 - Houndkirk Quarry
61644,61644 - Morehall Landfill
61645,61645 - Rowell Lane Works
61651,61651 - Holmes Farm Closed Landfill
61669,61669 - Land At Greenwheel House
61670,61670 - Dyson Refractories
61700,61700 - J White & Co (tde) Ltd
61717,61717 - P J Hall
61730,61730 - Calder Vale Road Landfill
61743,61743 - Landfill 227
61747,61747 - South Elmsall Quarry
61751,61751 - Landfill Site
61793,61793 - Normanton Brick Co. Ltd
61853,61853 - Land At Stubbs Bridge
61861,61861 - Land Adj To River Calder
61904,61904 - Former Colliery And Coke Works
61924,61924 - Onyx Leigh Environmental Limited - Sheepbridge Landfill
61927,61927 - Slitting Mill Landfill
61928,61928 - Glapwell Landfill Site
61929,61929 - Onyx Leigh Environmental Limited
61931,61931 - Former Dixon Occs   - Saint Gobain Pipelines
61932,61932 - Former Coalite Smokeless Fuels Site
61948,61948 - D P Kelly
61955,61955 - Roall Lane Quarry
61960,61960 - Harworth Mining Limited - Arkwright Colliery Reclamation Site
64000,64000 - Former Monkton Cokeworks
64034,64034 - Palmersville
64035,64035 - Prestwick Landfill
64063,64063 - Marsden Quarry Landfill Site
64158,64158 - Field House Quarry
65009,65009 - Former Atlas Works ( South- Eastern Extension )
65022,65022 - Meadow Bank Farm
65052,65052 - Skelbrooke Landfill Extension
65102,65102 - Beacon Lodge Quarry
65103,65103 - Riplingham Cutting
65108,65108 - Swillington Quarries
65109,65109 - Oxbow Ash Disposal Scheme
65116,65116 - No 1 Lagoon
65118,65118 - Howden Clough Landfill Site
65140,65140 - Field Adjacent To Blackhill Quarry
65162,65162 - Land N / W Of Woodlesford Lock
65168,65168 - Gamblethorpe Landfill
65179,65179 - Delf Hill Quarry
65183,65183 - Hensall Quarry
65184,65184 - Darrington Northside Quarry
65192,65192 - Dowley Gap Landfill
65203,65203 - Hallas Rough Quarry
65214,65214 - Oxbow Lake
65501,65501 - Woodhall Quarry
65521,65521 - Station Road Site
66003,66003 - Former Staxton Sand Quarry
66008,66008 - West Tanfield Landfill
66017,66017 - Acomb Landing
66026,66026 - Barton Quarry
66067,66067 - Smaws Quarry
66206,66206 - Bishop Middleham Quarry 2
67008,67008 - Bolam Quarry
67009,67009 - Joint Stocks Quarry - Phase 1
67012,67012 - Butsfield Waste Disposal Site
67026,67026 - West Sandy Carr
67039,67039 - Scoby Scaur Waste Disposal Site
67042,67042 - East Tanfield Tip
67044,67044 - Blue House Quarry
67058,67058 - Backfield Quarry
67071,67071 - Browns Houses Quarry
67087,67087 - Todhills Landfill
67089,67089 - Land At Lowfield Farm
67108,67108 - Quickburn Quarry
67116,67116 - Crime Rigg Quarry
67117,67117 - Hett Hills Quarry
67124,67124 - Coxhoe Quarry Landfill
67125,67125 - Hill Top Quarry
67127,67127 - Cockfield Waste Disposal Site
67154,67154 - Newton Cap Brickworks
67155,67155 - St Bedes Brickworks
67167,67167 - Tilery Farm V
67192,67192 - Chapmans Well Waste Disposal Site
67233,67233 - Eastgate Quarry - Tip 6
67253,67253 - Wearhead Water Treatment
67264,67264 - Pet Haven Burial Services
67295,67295 - Alcan Pot Linings Site 2
67321,67321 - Broadoak Quarry Waste Disposal Site
67346,67346 - Merryshields Quarry
67354,67354 - Denwick Quarry
67376,67376 - Thornbrough Quarry
67387,67387 - Frankham Waste Disposal Site
67388,67388 - Harecrag Waste Disposal Site
67389,67389 - Linkhamdean Waste Disposal Site
67391,67391 - Sisters Waste Disposal Site
67392,67392 - West Woodburn Waste Disposal Site
67423,67423 - Ward Brothers Plant Hire
67433,67433 - Bothal Barns Waste Disposal Site
67440,67440 - West Allotment Metro Site
67441,67441 - Beamish Landfill Site
67443,67443 - Burnhills Landfill  ( Phase 1)
67448,67448 - Derwenthaugh Cokeworks
67460,67460 - Wardley Quarry Landfill Site
67466,67466 - Burnhills Landfill (phase 2a)
67471,67471 - Warden Law Quarry
67482,67482 - Brenkley Quarry Landfill Site
67514,67514 - Close House Farm
67527,67527 - Springwell Quarry
67534,67534 - Kibblesworth Quarry Landfill Site
67548,67548 - Crawcrook Quarry
67581,67581 - Burnhills Landfill - (phase 2 B)
67600,67600 - Triple ' A ' Animal Hotel & Care Centre
67603,67603 - Burnhills Quarry Landfill Site ( Phase 3-6)
67619,67619 - Felling Riverside - Phase 2 - Stage 1
68657,68657 - West Tanfield Quarries
68669,68669 - Thompsons Of Prudhoe Limited
68679,"68679 - North Wold Farm ,folkton"
68680,68680 - Brickyard Farm Landfill Site
68681,68681 - Soil And Sludge Lagoons
68682,68682 - Thirsk Junction Brick & Tile Works
68683,68683 - Scorton Landfill
68685,68685 - Knabbs Quarry
68686,68686 - Leases Farm Landfill
68687,68687 - Farnham Lane Railway Cutting
68688,68688 - Parsons Lane Landfill
68691,68691 - Rock Cottage Farm
68692,68692 - Rock Cottage Farm
68693,68693 - Sunnyside Farm
68696,68696 - Shawl Quarry
68697,68697 - Shawl Quarry Phase 2
68702,68702 - St Nicholas Fields
68709,68709 - Raskelf Road
68724,68724 - Scorton Landfill Site
70001,70001 - Lodge Farm Salford
70006,70006 - Land Near Dog Farm
70022,70022 - Bromham Landfill
70024,70024 - W R G  Waste Services - Arlesey Landfill
70034,70034 - Bromham Bedford
70037,70037 - Bedfordshire C C - Elstow Landfill Site A6
70038,70038 - Sundon Landfill
70046,70046 - W R G Waste Services - Brogborough Landfill
70052,70052 - S I T A - Potton Landfill
70057,70057 - Buckingham Group Contracting - Waterloo Farm
70067,70067 - Ledburn Sandpit
70072,70072 - Peter Bennie Ltd - Woodlands Farm
70074,70074 - G F X Hartigan Ltd - Ravenstone Quarry
70075,70075 - Bletchley Landfill
70077,70077 - S V & J Barfoot - Courts Farm
70078,70078 - G F X Hartigan Ltd - Woad Farm
70085,70085 - T Taylor Agricultural Contractors - Woad Farm
70095,70095 - Maurice Goss - Woodlands
70118,70118 - Donarbon Ltd - Dickersons
70119,70119 - Thornhaugh Landfill Site
70121,70121 - Buckden North Landfill
70122,"70122 - M Dickerson Ltd - The Carrops, Red Lodge"
70124,"70124 - Cemex Uk Cement Ltd, Barrington Cement Works"
70129,70129 - S M Akhtar - Flint Cross
70130,70130 - Eye Quarry
70132,70132 - Eaton Tractors - Pitt Farm
70138,70138 - Guyhirn Landfill
70139,70139 - Vetspeed - Cambridge Pet Crematorium
70149,70149 - Eversden Landfill - Eltisley Landfill
70150,70150 - Meldreth Landfill
70151,70151 - Wilbraham Chalk Quarry
70152,70152 - Eversden Landfill - Quy Landfill
70260,70260 - Wivenhoe Landfill
70265,70265 - Princess Margaret Road Landfill
70269,70269 - Great Holts Farm
70270,70270 - The East Tilbury Quarry
70271,70271 - Titan Pit
70273,70273 - Hall Lane Landfill
70281,70281 - Medebridge Road Landfill
70288,70288 - Stevens Farm
70291,70291 - Barnards Farm
70295,70295 - Tile Kiln Farm
70302,70302 - Belsteads Farm
70303,70303 - Dyers Mead Landfill Site
70308,70308 - Boyton Hall Farm
70310,70310 - Old House Farm
70318,70318 - St Cleres Hall Pit
70321,70321 - Bellhouse Quarry
70322,70322 - Martell's Quarry Landfill Site
70326,70326 - D Haird & Co Ltd - Old Chalk Pit
70328,70328 - Flint Grit Pond
70329,70329 - Beazley End Landfill
70339,70339 - Blood Lagoons
70399,70399 - Carr & Bircher - Widdington Disused Chalk Pit
70402,70402 - Southfields Quarry
70434,70434 - Westwick Lagoons
70435,70435 - Pulham St Mary
70436,70436 - Mayton Wood Landfill
70438,70438 - Costessey Landfill
70439,70439 - Beetley Landfill
70440,70440 - N E W S - Blackborough End Landfill
70441,70441 - Docking Landfill
70442,70442 - Postwick Waste Site
70444,70444 - Rackheath
70445,70445 - Hemblington
70447,70447 - Garboldisham Landfill
70448,70448 - Lyng Sand & Gravel Pit
70449,70449 - Anti Waste Ltd - Kilverstone Landfill
70450,70450 - Snetterton Landfill
70453,70453 - Costessey
70455,70455 - Letheringsett
70460,70460 - Middleton Aggregates Ltd - Blackborough End Landfill
70462,70462 - W George - Blackborough End Landfill
70463,70463 - Norwich
70465,70465 - Burgh Castle
70466,70466 - Baco- Compac - Chalk Farm
70467,70467 - Attlebridge
70468,70468 - Carbrooke Landfill Site
70470,70470 - Frimstone - Snettisham Carstone Quarry
70471,70471 - Brooke
70472,70472 - Lyng Sand & Gravel Pit
70474,70474 - Holgate Road Landfill Site
70475,70475 - British Sugar Plc - Anzac Pit
70476,70476 - Wymondham
70478,70478 - Hainford
70479,70479 - Frimstone - Carbrooke Landfill
70482,70482 - Blackborough End Landfill
70483,70483 - Costessey ( Extn )
70559,70559 - North Brook Landfill Site
70561,70561 - C D C Deene Quarry
70562,70562 - Cowthick Limestone Gullet
70583,70583 - Kilsby Landfill
70592,70592 - Collyweston Quarry Extension
70595,70595 - Disused Railway Cutting. Warmington.
70601,70601 - Kings Cliffe Works
70608,70608 - Rushton Landfill
70610,70610 - Glenhill Farm
70611,70611 - Cranford Landfill
70613,70613 - Cranford Landfill Extension
70643,70643 - Linnell Bros  Ltd- Silverstone Quarry
70644,70644 - D A Bird - Pury End Quarry
70645,70645 - Pianoforte Supplies - Old Quarry
70646,70646 - Milton Sand & Quarry
70647,70647 - Wooton Quarry
70648,70648 - Milton Malsor Landfill
70652,70652 - R M C Aggregates - Passenham
70662,70662 - Wooton Quarry
70663,70663 - Pury Hill Developments - Pury Hill Farm
70664,70664 - J Harper - Brook Farm
70670,70670 - Sidegate Lane Landfill
70680,70680 - Iff Stafford Works
70682,70682 - The Scotts Company (uk) Ltd Lagoon
70683,70683 - Crane Ltd
70684,70684 - British Sugar - Bury St Edmunds Sugar Factory
70687,70687 - Folly Farm Landfill
70688,70688 - Eames Pet Cemetary
70689,70689 - Ski Centre
70690,70690 - Brundon Lane Landfill
70691,70691 - Arc Landfill
70692,70692 - Anti Waste Ltd - Kentford Landfill Site
70695,70695 - Bramford Quarry
70697,70697 - Old Sandy Lane Pit
70698,70698 - Sally Woods Lane Landfill
70700,70700 - Barking Landfill
70701,70701 - Ticehurst Gravels - Ticehurst Farm
70704,70704 - Gallows Hill Pit
70705,70705 - Euston Estates
70706,70706 - British Sugar - Hollow Road Landfill
70707,70707 - Fornham St Genevieve Landfill
70708,70708 - Culford Waste Ltd - The Folly
70709,70709 - Stanchils Farm
70711,70711 - A R Tilbrook Ltd - Gravel Hill
70712,70712 - A R Tilbrook Ltd - Culford Gravel Pit
70713,70713 - Lackford Landfill
70714,70714 - Sewage Works
70719,70719 - Gisleham
70720,70720 - Oulton
70722,70722 - Pakefield Landfill
70723,70723 - Waldringfield Quarry
70724,70724 - Creeting Hills
70725,70725 - T J & W M Cardy - The Folly
70807,70807 - Winterton Landfill Site
70809,70809 - Elsham Landfill
70811,70811 - Melton Ross Quarry
70813,70813 - Goxhill Tileries
70817,70817 - Total Lindsey Oil Refinery
70822,70822 - Hoe Hill Landfill
70829,70829 - Dragonby Landfill Site A
70831,70831 - Cristal Pigment U K Ltd
70898,70898 - Smith Clayton Forge
70899,70899 - Spike Island Landfill
70900,70900 - Albion Works Landfill Site
70905,70905 - Brauncewell Quarry
70907,70907 - Biscathorpe Landfill Site
70908,70908 - Longwood Quarry
70913,70913 - Manor Pit Landfill
70919,70919 - Little Bytham Landfill
70921,70921 - Bardney Sugar Factory
70925,70925 - Tattershall Thorpe Plots 56 & 73
70934,70934 - Nettleton Bottom Quarry
70935,70935 - Canwick Sewage Treatment Works
70958,70958 - Saturday Pits
70965,70965 - Fiddlers Elbow Dredging Tip
70976,70976 - Canwick Sewage Treatment Works
70977,70977 - Hykeham Sand & Gravel Quarry
70990,70990 - Stainby Landfill Site
71000,71000 - Whisby Quarry
71013,71013 - Boiling Wells Farm
71061,71061 - Luffenham Landfill Site
71063,71063 - Ketton Landfill
71064,71064 - Woolfox Quarry
71070,71070 - J P Callanan - Stone Lane Quarry
71105,71105 - Frimstone - Blackborough End
71107,71107 - Premier Aggregates - Finmere Quarry Landfill Site
71108,71108 - Martell's Quarry Landfill Site
71190,71190 - Attlebridge Landfill Site
71203,71203 - Landfill Cell 4/5
71211,71211 - Easton Inert Landfill Site
71235,71235 - Darmsden Hall Farm Landfill Site
71240,71240 - Haddiscoe
71266,71266 - East Tilbury Quarry
71334,71334 - Folly Farm Landfill
72006,72006 - Stallingborough Landfill
72011,72011 - Anchor Lane Landfill Site
72012,72012 - Harmston Quarry Inert Landfill Site
72015,72015 - Part O S Plot 6068
72016,72016 - Spalding Road
72019,72019 - Land Adj  A46 Moor Lane
72020,72020 - Old Chalk Pit
72029,72029 - Scotland House Reservoir
72038,72038 - Boiling Wells Farm
72054,72054 - Land Adjacent To Riverslea Farm
72064,72064 - Conesby Quarry Phase I
72067,72067 - Thornton Curtis Landfill
72080,72080 - North Killingholme Landfill
72090,72090 - Worlaby Landfill Site
73008,73008 - Brauncewell Quarry
73011,73011 - Eye Quarry - Northern Extension
73044,73044 - Corby Inert Landfill Site
73046,73046 - Dogsthorpe Landfill
73052,73052 - Rushton Landfill
73054,73054 - Clifford Hill Quarry
73056,73056 - Clifford Hill Quarry
73153,73153 - Long Drowpits Landfill
73156,73156 - Rectory Farm Quarry
73217,73217 - Nettleton Bottom Quarry
73229,73229 - Leadenham Landfill Site
73230,73230 - Boston Landfill Site
73235,73235 - Kirton Lindsey Landfill Site
73278,73278 - Harlestone Quarry
73279,73279 - Cranford Landfill (extension)
73280,73280 - Boughton Quarry Landfill
73281,73281 - Husbands Bosworth Landfill Site
73320,73320 - Brauncewell Quarry Landfill
73340,73340 - Southorpe Quarry
75001,75001 - Seearo Construction Ltd - Barrington Park Farm
75015,75015 - Whitsundoles Farm
75025,75025 - Foxcote Pumping Station
75027,75027 - T Taylor Agricultural Contractors - Rislip Farm
75031,75031 - Graham Churchill Plant Ltd - Bufflers Holt
75035,75035 - Premier Skip Hire - Finmere Railway Cutting
75039,75039 - Anti Waste Ltd - Blackborough End
75040,75040 - Anti Waste Ltd - Green Land Blackborough End
75044,75044 - Ivinghoe Aston Quarry
75048,75048 - Anti Waste Ltd - Centre Basin - Kennett Landfill
75113,75113 - Witcham Meadlands Landfill Site
75162,75162 - Passenham Gravel & Pit Ppc Extension
75173,75173 - Milton Landfill
75204,75204 - Passenham Landfill
75213,75213 - Widdington Pit
75219,75219 - Whitsundoles Farm
75222,75222 - Brickyard Quarry
75223,75223 - Lodge Farm Landfill
76089,76089 - Richmond Lakes
80017,"80017 - Howards Brickworks Ii, Prestwood"
80103,"80103 - Gerpins Lane, Upminster"
80118,80118 - Rainham Landfill
80127,80127 - Fairlop Quarry
80140,80140 - Rainham Landfill ( Phase 4 ) Ferry Lane
80164,"80164 - Hatfield Quarry, St Albans"
80176,"80176 - Bedwell Park Quarry, Essendon"
80213,80213 - Vicars Grove Pit
80219,"80219 - Moor Mill, St Albans"
80260,"80260 - Brookfield Nursery, Broxbourne"
80389,80389 - Fairlop Quarry (area C)
80421,80421 - Netherhall Landfill
80422,80422 - Netherhall Landfill 1
80423,"80423 - Netherhall Landfill, 2"
80424,80424 - Netherhall Landfill 4
80462,80462 - Aveley No3 Clay Pit
80463,80463 - Aveley No2 Clay Pit
80464,80464 - Aveley No2a Clay Pit
80465,80465 - Mill Lane Landfill
80466,80466 - Mill Lane Landfill (2)
80467,80467 - Crumps Farm
80498,80498 - Netherhall Landfill
80508,80508 - Mill Mane Landfill
80531,80531 - South Of Sipson Lane I I
80547,80547 - Anstey Chalk Quarry
80558,80558 - P L A Silt Lagoons
80570,80570 - Hatfield Leachate Treatment Facility
80594,80594 - Sipson North East Inert Landfill
80737,80737 - Tyttenhanger Landfill Site
80738,"80738 - Coldharbour Lane, Rainham"
80739,80739 - Aveley Gas Utililisation Scheme
80760,80760 - Ingrebourne Valley - Cock Lane
80787,"80787 - Epping Forest D C, Bobbingworth Leachate Treatment"
83021,"83021 - Kingsley Quarry (lode Fm Sandpit), Gu35"
83025,83025 - Apps Court Farm
83053,83053 - Bramshill Plantation Qy
83090,83090 - Reservoir Aggregates
83094,"83094 - Halliford Mere, Shepperton, Tw17"
83099,83099 - Landfill
83100,"83100 - Lower Mill Farm, Stanwell Moor"
83104,"83104 - Staines Road Farm, Shepperton, Tw17"
83105,"83105 - Stanwell I I I Landfill, Staines"
83115,83115 - Runfold South Landfill & Quarry
83123,"83123 - Stock Farm Stone Quarry, Churt, Gu10"
83132,"83132 - Sheephouse Farm, Maidenhead, Sl6"
83138,"83138 - Stroud Farm, Bray, Maidenhead, Sl6"
83153,83153 - Whistley Mill ( Stage 3)
83154,83154 - Whistley Mill ( Stage 4)
83203,"83203 - Land Adj Junction 8 M25, Reigate, Rh2"
83223,"83223 - Keepers Corner, Burstow, Rh6"
83225,83225 - Camas Building Materials
83305,"83305 - Seale Lodge Landfill, Seale, Gu10"
83328,83328 - Runfold Landfill Site Southern Extension  Area B
83532,83532 - Beechwood Nurseries
83596,83596 - Betchworth Sand Quarry Landfill
86019,86019 - Herons Nest Landfill Stage 1
86020,86020 - Herons Nest Landfill Stage 2
86023,86023 - Field Farm Stage 3
86024,86024 - Field Farm Stage 2
86025,86025 - Field Farm Stage 2b
86029,86029 - Smallmead Farm
86030,86030 - Barton Court 1
86034,86034 - Beenham Stage 4
86035,86035 - Marley Tile Stage 3
86130,86130 - Slape Hill 1
86134,86134 - Gravel Works At Stanton Harcourt 2
86137,86137 - Sutton Wick 2
86139,86139 - Gravel Works At Stanton Harcourt 3
86142,86142 - Sutton Wick 2 Extension
86158,86158 - Alkerton Waste Disposal Site Phase 2b
86174,86174 - North End Works
86201,86201 - Area 6 ( Marlow Quarry)
86227,86227 - Sutton Wick
86386,86386 - Ewelme No 2 Landfill - Inert Area
86408,86408 - Little Marlow Landfill Site
100036,100036 - Henbury Plantation
100208,100208 - Arthington Quarry
100303,100303 - Land At Coombe Bank Farm
100392,100392 - Conygre Farm - Hoveringham
100480,100480 - Rudd Quarry
100481,100481 - D & M A Sunderland & Son Ltd
100492,100492 - Churston Court Farm
100561,100561 - Mepal Airfield Inert Landfill
100565,100565 - Kennett Hall Farm
100587,100587 - Goldmire Quarry
100602,100602 - Hard Rock Quarry Landfill
100613,100613 - W Clifford Watts Ltd
100631,100631 - New Denham Quarry
100648,100648 - Clockface Quarry Inert Site
100767,100767 - Lenham Quarry
100810,100810 - Cromwell Wood Quarry
100825,100825 - Hints Quarry Inert Landfill Site
100826,100826 - Shipton Quarry
100877,"100877 - Lagoon 5 (aka Saham Lagoon), Saham Toney, Thetford"
100878,100878 - Lagoons 1-4
100954,100954 - Princewood Road Site
101002,101002 - Land At Stroud Farm
101013,101013 - Chalk Pit Field Deposit For Recovery Site
101020,101020 - Wallasea Island Wildcoast Project
101155,101155 - The Orchard Burial Ground
101159,101159 - Eastwood Dredging Site
101194,101194 - Betaland Ltd
101303,101303 - Eggborough Sandpit
101312,101312 - Stone Lane Quarry
101333,101333 - Eversley Quarry
101357,101357 - Hollings Hill Quarry Landfill
101417,101417 - Thanet Animal Cemetery
101535,101535 - Yalberton Tor Quarry Landfill
101575,101575 - Cumberwell Park
101644,101644 - Reading Quarry
101652,101652 - Bluelands Quarry
101686,101686 - Gill Mill Quarry Phase 13
101750,101750 - Fowlmead Country Park
101752,101752 - Lyme And Wood Pits Landfill
101771,101771 - Former Sand Quarry
101784,101784 - Mr Paul Anthony Weaving & Mrs Margaret Joy Weaving
101806,101806 - Wilminstone Quarry
101807,101807 - The Rookery Manor
101823,101823 - Wyndham Park Access Road
101830,101830 - Southmead Playing Fields
101840,101840 - Home Farm Extension Landfill Site
101844,101844 - Chase Farm
101893,101893 - Respect Green Burial Park
101897,101897 - Land South Of Westhay Moor Drove
101898,101898 - Newbury Rugby Football Club
101916,101916 - Roundhouse Farm Sand And Gravel Quarry
101917,101917 - Ingrebourne Links
101921,101921 - Reclamation Ponds Site
101968,101968 - Rose Bowl
101970,101970 - National Track Materials Recycling Centre
101989,101989 - Aston Wood Golf Club
102008,102008 - Garon Park Golf Complex
102017,102017 - Caldecote Farm
102018,102018 - Carr Hill Quarry
102036,102036 - Downes Barns Farm Golf Course
102094,"102094 - Lake 31, Keynes Country Park"
102104,102104 - Herniss Farm Landfill
102110,102110 - Project Red
102116,102116 - Deangate Ridge Golf & Sports Complex
102125,102125 - New Hook Farm
102136,102136 - Weybrook Park Golf Club
102146,102146 - Base Motorpark
102165,102165 - Former U C M Works
102171,102171 - Finmere Quarry Landfill Site
102176,102176 - Goldsands Quarry
102187,102187 - Kingsdown Farm
102188,102188 - Tollgate Farm
102189,102189 - Sywell Shooting Ground
102210,102210 - Fletcher Bank Quarry
102220,102220 - Fullard
102238,102238 - Eysey Manor Quarry
102278,102278 - Oak Leaf Farm
102333,102333 - Snettisham Quarry
102399,102399 - The British Wildlife Centre
102405,102405 - Sandon Quarry
102441,102441 - Riding Gate Acoustic Bund
102451,102451 - Port Warrington Facility
102454,102454 - Mersey Valley Golf & Country Club
102462,102462 - Former Marlbrook Quarry
102484,102484 - Ogbourne Downs Golf Club
102499,102499 - Woodlands Golf And Country Club
102505,102505 - Waterbrook Park
102514,102514 - Rugeley Ash Lagoons
102532,102532 - Distington Golf Club
102538,102538 - Residential Development At Browns Lane
102551,102551 - Ketley Quarry
102570,102570 - Barby Sporting Club
102571,102571 - Windy Harbour
102572,"102572 - Land Off Yeoford Way, Exeter"
102601,102601 - Tamworth Municipal Golf Course
102617,102617 - Goshems Farm
102620,102620 - Bromley Farm Quarry
102641,102641 - Pinches 3 Landfill
102656,102656 - New Monks Farm
102670,102670 - Oxford Gun Company
102680,102680 - Twin Yards Farm
102721,102721 - Cherry Lodge Golf Club
102749,102749 - Basset Down Golf Course
102770,102770 - Buck Farm
102810,102810 - Kent And Surrey Golf Course
102825,102825 - Gainsborough Farm
102830,102830 - Dunsville Quarry
102836,102836 - Weston Park Lakes
102849,102849 - London Gateway Parkland
102860,102860 - Marchwood Pond
102877,102877 - Fairfields Farm
102882,102882 - Newbold Quarry
102889,102889 - West Fossil Golf Complex
102956,102956 - Britannia Quarry
102957,102957 - Mitchells Elm Farm
102965,102965 - Coln Quarry
102986,102986 - Bowling Green Farm Quarry Complex
102991,102991 - Lee Moor Restoration Area
102995,102995 - Stonelees Golf Course
103003,103003 - Little Belhus Restoration
103020,103020 - Lake 81 Rixton Gate
103034,103034 - Dummer Down Farm
103035,103035 - Raven Crag
103041,103041 - Sinclairs Shooting Ground
103042,103042 - Chiltern Hills Golf Course
103043,103043 - Dyrham Park Country Club
103047,103047 - Thruxton Airport
103054,103054 - Shorncote Quarry Complex
103055,103055 - Great Hadham Golf & Country Club
103056,103056 - Beacon Park Golf And Country Club
103081,103081 - Kennetholme Quarry
103106,103106 - Tyne Dock
103107,103107 - North Cave Wetlands
103134,103134 - Ticehurst Gravels
103160,103160 - Saxon Pit
103163,103163 - Carbrooke Quarry
103165,103165 - Replacement Polo Field
103173,103173 - Midgham Quarry
103178,103178 - Caddington Golf Club
103180,103180 - Blackstone Quarry
103192,103192 - Hough Mill Quarry
103211,103211 - Berkswell Quarry
103214,103214 - Bradleys Sandpit Recreational Facility
103216,103216 - Worlington Quarry
103223,103223 - Haygrass Nurseries
103229,103229 - Barking Riverside
103232,103232 - Beal Valley Golf Course
103233,103233 - Flixton Quarry
103234,103234 - Crimplesham Quarry
103237,103237 - Costessey Quarry
103246,103246 - Wakehurst Place
103257,103257 - Coggeshall Quarry
103273,103273 - Port Medway Marina
103287,103287 - Thurcroft Old Plant Area
103294,103294 - Cranfield Golf Centre
103301,103301 - Fazakerley Playing Fields
103303,103303 - Westridge Golf Course
103309,103309 - Fairlop Quarry
103324,103324 - Clearwell Quarry Complex
103337,103337 - Oakmere Equestrian Development
103341,103341 - Saredon Hill Quarry
103343,103343 - Snetterton Circuit
103344,103344 - Higher Oxencombe Farm
103348,103348 - Kineton Thorns Site
103350,103350 - Bold Heath Quarry
103372,103372 - Tong Quarry
103374,103374 - Trebant Farm
103375,103375 - Stafford Castle Golf Club
103385,103385 - Kingscott Farm
103393,103393 - Bradgate Landfill Site ( Borrow Pit Area)
103395,103395 - Polvenna Farm
103405,103405 - Coleshill Quarry
103411,103411 - Teesport Landfill
103412,103412 - Harewood Whin Landfill
103418,103418 - Cainhoe Quarry
103431,103431 - Home Farm
103436,103436 - Arden Brickworks
103445,103445 - Land At Longham And Spreadoak Quarry
103457,"103457 - Land Adj To Junction 27, M5"
103480,103480 - West Park
103486,103486 - Cromwell Quarry
103487,103487 - Hithermoor Quarry
103488,103488 - Holmsted Farm
103489,103489 - Hareshill Farm Equestrian Centre
103490,103490 - Sutton Farm Golf Course
103494,103494 - Marchwood Quarry
103500,103500 - Wigton R U F C
103507,103507 - Earls Barton Quarry
103518,103518 - Hertford Heath Golf Course
103534,103534 - Clinker Wood
103550,103550 - Cross Leys Quarry
103570,103570 - Furzedown Farm
103572,103572 - Slinford Park Golf And Country Club
103575,103575 - Trinity Recycling Centre
103585,103585 - White Horse Country Park
103605,103605 - Doncaster Moto Park
103620,103620 - Moores Farm
103623,103623 - John Bowler Eggs
103639,103639 - Land Off Govier Way
103641,103641 - Sundon Former Landfill
103648,103648 - Mepal Landfill Extension
103667,103667 - Lydney Golf Course
103672,103672 - Ling Hall Landfill
103678,103678 - Steart Hall Farm
103699,103699 - Strensham Court Lakes
103733,103733 - Overby Quarry
103734,103734 - Plot 1
103740,103740 - Two Chimneys Caravan Park
103762,103762 - Stainton Quarry
103783,103783 - Sywell Aerodrome - West Runway Extension
103824,103824 - The Shooting Bunds A303 Recycling Facility
103853,103853 - Farnham Quarry
103860,103860 - Meriden Quarry
103865,103865 - Royal Oak Quarry
103912,103912 - Ketley Quarry Landfill
103930,103930 - Lilford Lodge Marina
103969,103969 - Higher Bagmores Farm
103976,103976 - Kettleby Quarry
103985,103985 - Blackcat Business Park
104077,104077 - Dorset Highways Recycling Area
104107,104107 - Helsbury Quarry Recycling Depot
104152,104152 - Bank End Quarry Landfill
104155,104155 - Goosey Lodge
104159,104159 - Saredon Hill Quarry
104163,104163 - Wood Farm
104174,104174 - Oak Farm
104199,104199 - David Wilson Homes
104250,104250 - Stowey Quarry
104253,104253 - Downton Manor Farm Quarry
104277,104277 - Swindon Driving Range
104313,104313 - Coworth Flexlands School
104320,104320 - Guy Lodge Farm
104334,104334 - British Gypsum Robertsbridge
104357,104357 - Cumnor House School
104377,104377 - Tilgate Forest Driving Range
104400,104400 - Birchfield Springs
104439,104439 - Railway Cutting
104444,104444 - Norton Bottoms
104455,104455 - Land At Rockingham Park
104468,104468 - Knoll Manor Clay Pit
104471,104471 - Land At Lower Vern
104487,104487 - Burton & District Motorcycle Club
104495,104495 - Park Farm Cottage
104501,104501 - Moss Farm Fisheries
104536,104536 - Ringstead Grange Quarry
104546,104546 - Escrick Recreational Facility
104549,104549 - Port Of Millom
104551,104551 - Pendean Sand Quarry
104554,104554 - Land North Of The Sewage Works
104568,104568 - Wolston Fields Farm
104593,104593 - Gwel - An - Mor Luxury Resort
104611,104611 - Abbots Wood Farm
104620,104620 - Waverley New Community
104632,104632 - Cleveland Golf Club
104633,104633 - Hassocks Golf Club
104640,104640 - Sutton Farm
104646,104646 - West Hill Golf Club
104649,104649 - Hampton Leys South
104656,104656 - Knowle Industrial Estate
104674,104674 - Project Red ( Arriva Plot 6)
104685,104685 - West Norton Farm
104695,104695 - Middlemoore Water Park
104719,104719 - Ream Hills Farm
104725,104725 - Meriden Quarry
104735,104735 - Radlett Golf Centre
104738,104738 - Sherborne Golf Course
104757,104757 - Riverside Mill
104780,104780 - Land At Brook Farm
104803,104803 - Seamer Carr Waste Management Facility
104813,104813 - Lodgewood Farm Compost Site
104817,104817 - Lydiate Lane Quarry
104822,104822 - Chadwell Springs Golf Club
104829,104829 - Freshwater Pond Restoration Site
104841,104841 - Shropham Quarry Phases A And B
104893,104893 - Lion Barn Phase 2
104903,"104903 - Field Place Farm, Stairbridge Lane"
104932,104932 - Croughton Fishing Lake
104946,104946 - Rakehead Transfer Station
104992,104992 - Bentinck Tip Site
210000,210000 - Hensall Quarry
210001,210001 - Marks Warren Quarry Landfill
210002,210002 - Summerway Landfill
210006,210006 - Crime Rigg Quarry Landfill
210007,210007 - Bleak Hill 1 Landfill
210008,210008 - Hengrove Farm Landfill
210009,210009 - Broadcroft Quarry Landfill
210010,210010 - Harrycroft Quarry Landfill
210011,210011 - Lulsgate Quarry
210012,210012 - Holmacott Landfill Site
210015,210015 - Glebe Farm Landfill Site
210016,210016 - Enville Road Landfill
210018,210018 - Manor Farm Landfill Site
210019,210019 - Old Heath Farm Landfill
210020,210020 - Greendale Barton Landfill
210021,210021 - Stanwell I I I Landfill
210022,210022 - Hill Barton Landfill
210023,210023 - Trood Lane Landfill Site
210024,210024 - Lockington Quarry Landfill Site
210026,210026 - Hulland Ward Landfill
210027,210027 - Whiteball Landfill
210028,210028 - Dorrington Quarry Landfill Site
210029,210029 - Branton Lane Quarry Landfill
210030,210030 - Egstow Quarry Landfill
210031,210031 - Banks Wood Quarry
210032,210032 - Stone Pit 2 Inert Landfill
210033,210033 - Myton Lane Landfill
210034,210034 - Weights Farm Landfill
210035,210035 - Torr Quarry Landfill Site
210036,210036 - Whitehouse Farm Landfill
210037,210037 - Cantley Landfill Site
210038,210038 - Slinter Top Quarry
210039,210039 - Slip Inn Quarry
210041,210041 - Pendean Landfill
210042,210042 - Nostell Quarry Landfill
210043,210043 - Cow Lane Inert Landfill
210046,210046 - Shrubland Quarry Landfill
210047,210047 - Wickwar Landfill
210048,210048 - Cross Hands Quarry Landfill Site
210049,210049 - Lower Twydall Chalk Pit
210050,210050 - Stock Farm Stone Quarry
210051,210051 - Home Farm South Landfill
210052,210052 - Warren Farm Landfill
210053,210053 - Manor Pit Landfill
210054,210054 - Flixton Quarry Waste Disposal
210055,210055 - Collyweston Quarry
210056,210056 - Barton Quarry Landfill
210057,210057 - All Souls Farm Quarry Landfill
210059,210059 - Wellfield Quarry Landfill
210060,210060 - Woolfox Quarry
210061,210061 - Dispit Limited
210062,210062 - Roan Edge Landfill
210067,210067 - Middleton Site
210068,210068 - Holmsley Landfill Site
210069,210069 - Wivenhoe Landfill Site
210070,210070 - Offerton Sand And Gravel Landfill
210073,210073 - Fenton Manor Quarry Landfill
210075,210075 - Linford Landfill
210076,210076 - Lower Knighton Landfill
210077,210077 - Old Quarrington Quarry Landfill
210078,210078 - Pury End Quarry
210079,210079 - Chilton Railway Cutting Landfill
210080,210080 - Coal Pit Lane Landfill
210081,210081 - Swarkestone Landfill Site
210082,210082 - Carlton Brick Landfill Site
210083,210083 - Knighton Sandpit Landfill
210084,210084 - Whitemoor Haye Landfill Site
210085,210085 - Wilberfoss Quarry Landfill
210086,"210086 - Cell 5, Land At Pratts Farm Lane"
210087,210087 - Borrow Pits Landfill
210089,210089 - Park Lodge Landfill Site
210090,210090 - Harlestone Quarry
210091,210091 - Vale Road Quarry
210092,210092 - Coleshill Landfill
210093,210093 - Darmsden Hall Landfill Site
210094,210094 - Tancred Quarry
210095,210095 - Octagon Farm North Landfill
210096,210096 - Addlestone Quarry
210097,210097 - Sheepcote Quarry
210098,210098 - Tubney Wood Landfill
210100,210100 - East Winch Landfill
210101,210101 - Holme Hall Quarry Landfill
210102,210102 - Rainbow Shaw Quarry
210103,210103 - Lime Kiln Hill Quarry Landfill Site
210104,210104 - Brauncewell Quarry
210105,210105 - Riplingham Landfill
210107,210107 - Derwent Howe Slagbank
210108,210108 - Waldringfield Landfill
210109,210109 - Great Westwood Landfill
210111,210111 - Hallas Rough Qaurry
210114,210114 - Homefield Landfill Site
210115,210115 - Laleham Landfill
210116,210116 - Yannon Lane Landfill
210117,210117 - Allens Bank
210118,210118 - Bunkers Quarry Landfill Site
210120,210120 - Layham Quarry Landfill
210121,210121 - Tiscott Wood Depot Landfill
210122,210122 - Tregongeeves Quarry Landfill
210123,210123 - Bedhampton Landfill
210126,210126 - Morleys Quarry
210127,210127 - Avon Common Landfill
210128,210128 - Blackhill Quarry
210129,210129 - Wilbraham Chalk Quarry
210130,210130 - Inworth Grange Quarry
210131,210131 - Asenby Quarry Ltd
210132,210132 - Admiralty Quarry
210133,210133 - Roodscroft Landfill Site
210134,210134 - Reach Lane Quarry Landfill
210135,210135 - Brickworth Quarry
220000,220000 - Scabba Wood Gas Utilisation Plant
220001,220001 - Humberfield Gas Utilisation Plant
220002,220002 - Glapwell Gas Utilisation Plant
220003,220003 - Costessey Gas Generation Plant
220004,220004 - Mayton Wood Generation Plant
220005,220005 - Offham Quarry Landfill Gas Utilisation Plant
220006,220006 - Efford Landfill Gas Utilisation Scheme
220008,220008 - Enderby Warren Generation Plant
220009,220009 - Narborough Gas Utilisation Plant
220010,220010 - Sutton Generation Plant
220011,220011 - Brenkley Generating Plant
220012,220012 - Bretby Generation Plant
400033,400033 - Ellel Crag Quarry
400045,400045 - Westerham Golf Club
400068,400068 - Rothley Borrow Pit
400090,400090 - Airlinks Golf Club
400119,400119 - Biggleswade Golf Driving Range
400123,400123 - Chelson Meadow Landfill Gas Utilisation Plant
400124,400124 - Badger Building ( E. Anglia) Ltd
400142,400142 - Stonehill Quarry
400148,400148 - Barlborough Links Golf Course
400153,400153 - Griff No4 Quarry Landfill
400156,400156 - Turnpike Road Noise Bund
400163,400163 - Ledburn Road Quarry
400174,400174 - Hill Ridge House
400222,400222 - Acanthus Golf Centre
400228,400228 - Gorst Farm
400239,400239 - Midgeham Cliff End Quarry
400261,400261 - Phase 4 Tresilian Business Park
400283,400283 - Hazelwood Quarry
400292,400292 - Royal County Of Berkshire Polo Club
400300,400300 - Fishpond At Swallownest
400313,400313 - Raven Crag
400320,400320 - October Wood
400334,400334 - Barnsdale Bar
400338,400338 - Harley Way Quarry
400343,400343 - Whitehaven Developments Site Restoration
400352,400352 - Land On North Side Of Tone Drive
400359,400359 - Nottingham Golf Club
400364,400364 - Manor Farm
400372,400372 - Park Farm
400398,400398 - Huntworth Golf Centre
400403,400403 - Redbridge Road Quarry
400404,400404 - Saltford Golf Club
400409,400409 - Land To The East Of Breechland Cottage
400410,400410 - Ash View Farm
400426,400426 - Letchworth Golf Club
400427,400427 - Kingsley Quarry
400446,400446 - Wallend Farm New Barns Bund
400476,400476 - Hinckley Golf Club
400485,400485 - Lower Lakes
400493,400493 - Pitch 2 Buck Farm
400525,400525 - Park Lodge Shooting School
400532,400532 - Pilkington Quarry
400534,400534 - Bosworth Marina
400545,400545 - Evercreech Junction Ind Est
400570,400570 - Blofield Golf Course
400590,400590 - Woodchurch Farm House
400597,400597 - Hoddesdon Quarry
400598,400598 - Adswood Landfill
400621,400621 - Greenham Triangle
400627,400627 - Bramford Golf Centre
400637,400637 - Tout Quarry
400641,400641 - Sutton Barton Farm
400649,400649 - Winton Recycling Depot
400650,400650 - Teal Park Development
400666,400666 - Cheshunt Cemetery Extension
400679,400679 - Path Head Landfill Site
400680,400680 - Prestwick Landfill Site
400684,400684 - Eastlands Farm
400685,400685 - Nickolls Quarry
400702,400702 - Iford Farm
400705,400705 - Pallington Fishing Lakes
400717,400717 - Field 9071
400726,400726 - Burcombe Farm
400728,400728 - Pound Bottom Composting And Recycling Area
400737,400737 - Project Red
400743,400743 - Mill House Farm Agricultural Reservoir
400755,400755 - Hole 17 Yeovil Golf Club
400765,400765 - Transwate Recycling And Aggregates Limited
400768,400768 - Dernford Farm Agricultural Reservoir
400786,400786 - Modbury Primary School Playing Fields
400845,400845 - Ellwood A F C Sports & Social Club
400854,400854 - Hambrook Marlpit
400892,400892 - Chessington Equestrian Centre
400900,400900 - Howley Park Quarry Phase 3
400904,400904 - Burlish Park Golf Club
400939,400939 - Burnhope Moor
400977,400977 - Cheshunt Football Club
400983,400983 - Faulkner House Farm
400985,400985 - Land To The East Of The Royal Ordanace Factory
400986,400986 - Cronton Quarry
401002,401002 - Forest Farm
401021,401021 - Chear Fen Farm
401026,401026 - Frymans Cottage
401046,401046 - Adswood Road Waste Recovery
401052,401052 - Tickfold Farm
401056,401056 - Woodside Farm
401057,401057 - Messens Farm
401074,401074 - Newland Farm
401084,401084 - Poplars Landfill Site And Anaerobic Digestion
401087,401087 - Former Carlton Colliery Site
401113,401113 - Downfield Tip
401125,401125 - Landfall Farm
401147,401147 - Bracken Down Green Waste Facility
401149,401149 - Mid Yorkshire Golf Club
401156,401156 - Rushy Fields Farm
401161,401161 - Bristol & Avon Transport & Recycling Hallen Yard
401162,401162 - Pole Hole Quarry
401178,401178 - Westgate
401185,401185 - Dairy Farm
401191,401191 - Land At North Tilbury
401214,401214 - Barrington Cement Works
401215,401215 - Colnbrook Landfill Restoration
401230,401230 - The Saltings
401239,401239 - Northall Clay Pigeon Club
401267,401267 - B R T North - Tinsley Link
401296,401296 - A1 Elkesley Grade Separated Junction Improvements
401301,401301 - The Duchy Of Cornwall Park Farm
401308,401308 - Land North Of Thornmere
401324,401324 - Girton Fishing Lake
401327,401327 - Porthmellon Waste Management Site
401337,401337 - Land Adjacent To Moorland Caravan Park
401344,401344 - Ottersbank Farm
401351,401351 - Tytherington Housing Development
401359,401359 - Miller's Nook Riding School
401372,401372 - Old Station House
401377,401377 - Dockber Laithe Farm
401380,401380 - Stone Hall Farm
401385,401385 - Laneside Quarry
401387,401387 - Taylor Wimpy Xpression Site
401422,401422 - Land Off Winterley Lane
401440,401440 - Land To The Rear Of Holland Nurseries
401444,401444 - Chelson Meadow Mrf
401478,401478 - Borwick Lake
401497,401497 - Styrrup Quarry
401512,401512 - Fletcher Bank Recovery Site
401515,401515 - New Farm Fishery
401550,401550 - Weybrook Park Golf Club
401585,401585 - Wick Quarry
401609,401609 - Whitchurch Farm
401619,401619 - Brean Leisure Park
401666,401666 - Racecourse Quarry
401675,401675 - Nansmerrow Farm
401681,401681 - Weston Golf Course
401693,401693 - Stone Pit 1
401708,401708 - Dog Hill Quarry
401732,401732 - Greys Green Golf Course
401770,401770 - Tremanor Farm
401827,401827 - Moor Hall Paddocks
401834,401834 - Casebourne
401847,401847 - Thornhaugh Quarry Il
401856,401856 - Land East Of Malling Brooks Industrial Estate
401858,401858 - Heart Of England Conference And Events Centre
401871,401871 - Unit C
401872,401872 - The Priors Course
401875,401875 - Landscape Bund - Smiths Caravan Site
401878,-401878
401930,401930 - Roke Manor
401956,401956 - Woodland Golf Course (4th Hole)
401975,401975 - Land Regeneration Management Limited
401990,401990 - Channels Golf Course Relocation Scheme
402026,402026 - The Shay
402105,402105 - Ellistown Quarry Inert Landfill
402136,402136 - Crooks Marsh Landfill Restoration
402148,402148 - Nuthampstead Shooting Ground
402202,402202 - Land Near Minor's Farm
19677,19677 - The Rough Landfill
19679,19679 - Windmill Quarry Landfill Site
80215,80215 - Westmill 1 Landfill Site
83137,"83137 - Stroud Farm, Bray, Maidenhead, Sl6"
BV9896IY,BV9896IY - Brookhurst Wood Landfill Site
CP3033LL,CP3033LL - Pebsham Landfill - Northern Quandrant
DP3431PC,DP3431PC - WESTMILL II WASTE MANAGEMENT FACILITY
TP3931LH,TP3931LH - Holiday Moss Leachate Treatment Plant
MP3631LY,MP3631LY - Vigo Utopia Leachate Treatment Plant
NP3736DS,NP3736DS - Bellhouse Landfill EPR/NP3736DS
PP3139DJ,PP3139DJ - GREATNESS QUARRY INTEGRATED WASTE MANAGEMENT FACILITY
PP3939DN,PP3939DN - Barling Marsh Landfill EPR/LP3236SU
QP3730DW,QP3730DW - MUCKING LANDFILL
19436,19436 - Norwood Farm Landfill  (west)
19488,19488 - Stangate Landfill
19502,19502 - Offham Landfill
83139,83139 - Wraysbury Landfill Site
402154,402154 - Brotherton Quarry
BS8605IQ,BS8605IQ - Calvert Landfill Site
BV0953IM,BV0953IM - Stewartby Leachate Treatment Plant
BV7001IK,BV7001IK - SUTTON COURTENAY LANDFILL  EPR/BV7001IK
PP3532MB,PP3532MB - Amberswood Leachate Treatment Plant
TP3330AT,TP3330AT - Sutton Courtenay Landfill - Phase 3 EPR/TP3330AT
TP3631LM,TP3631LM - Kirkless Leachate Treatment Plant EPR/TP3631LM/V002
UP3832MC,UP3832MC - Kendal Fell Leachate Treatment Plant
19674,19674 - Capel Landfill Site
19823,19823 - Land At Wynford Farm
19828,19828 - Manor Farm Landfill Site
19836,19836 - Bunny Lane Landfill Site
19837,19837 - Sherfield English Landfill Site
19858,19858 - Landfill At Raglington Farm
19861,19861 - Frith Lane
23669,23669 - Chapel Lane Landfill Site
47054,47054 - Betton Abbots Landfill
54104,54104 - Whinney Hill Landfill Site
70580,70580 - Brixworth Landfill Site
80000,80000 - Pickeridge Farm Quarry
80023,"80023 - Cripps Farm, Hillingdon"
80024,"80024 - Colnbrook By-pass, Hillingdon"
80502,80502 - Leachate Treatment Plant
83040,"83040 - Sandy Cross, Seale, Farnham, Gu10"
83041,"83041 - Seale Lodge Sandpit, Seale, Farnham Gu10"
83122,83122 - Runfold North Landfill
83211,83211 - Beddington Corner Landfill
402537,402537 - Fair Oak Landfill Site
BV1020IS,BV1020IS - Albury Landfill EPR/BV1020IS
PP3632ML,PP3632ML - Ulnes Walton Leachate Treatment Plant EPR/PP3632ML
TP3433GQ,TP3433GQ - Kibblesworth LTP EPR/TP3433GQ
XP3032MQ,XP3032MQ - Clifton Marsh Leachate Treatment Plant EPR/XP3032MQ
10207,10207 - Pyramids At Paulsgrove Landfill Site
19538,19538 - Pluckley Brickworks
19870,19870 - Southleigh Landfill Site
19874,19874 - Efford Landfill Site
19922,19922 - Mallards Moor Sandpit
19923,19923 - Netley Landfill
19924,19924 - Abbey Fruit Farm
19937,19937 - Hook Lane Landfill Site
80002,"80002 - Wapseys Wood, Gerrards Cross"
80220,"80220 - Moor Mill, St Albans"
83052,"83052 - Bramshill Landfill, Eversley, Rg27 0rf"
SP3538LE,SP3538LE - Efford Landfill - Leachate Treatment Plant
19633,19633 - Beddingham Landfill Site
21747,21747 - Heathfield Landfill - Leachate Transfer Point
83063,83063 - Norlands Lane Landfill Site
402244,402244 - Horton Clay Pit
BV7346IM,BV7346IM - ARDLEY LANDFILL SITE
BV9900IS,BV9900IS - Horton Landfill Site
CP3935PU,CP3935PU - Squabb Wood Landfill Site
83039,"83039 - Prews Farm, Send, Woking, Gu23"
402738,402738 - Chandlers Farm
86144,86144 - Rugby Cement Works
210044,210044 - Coldharbour Lane Landfill
401082,401082 - Kingsmead Landfill
402259,402259 - Hatfield Leachate Treatment Plant
403439,403439 - Cut Field Landfill
86026,86026 - Colthrop Board Mill Landfill
86036,86036 - Midgham Landfill Site
83085,"83085 - Tanhouse Farm, Colnbrook"
86140,86140 - Ewelme 2
86156,86156 - Wheatley Railway Cutting
CP3435PR,CP3435PR - Star Works Landfill Site
80505,80505 - Park Lodge Farm
83095,"83095 - Brett Aggregates, Hithermoor Farm"
83172,83172 - East Of Molesey Road
210074,210074 - Chartham Extension Landfill
210099,210099 - Ham Farm Landfill
402102,402102 - Brightlingsea Inert Landfill